page,path,readiness,route_registered,uses_trpc,uses_fetch,has_mutation,has_query,has_interaction,has_placeholder,has_no_check,has_hardcoded_money
ABTesting,client/src/pages/ABTesting.tsx,interactive-review,True,False,False,False,False,True,True,False,False
ABTestingAdvanced,client/src/pages/ABTestingAdvanced.tsx,interactive-review,True,False,False,False,False,True,True,False,False
AIAgentEconomy,client/src/pages/AIAgentEconomy.tsx,integration-backed-review,True,True,False,False,True,True,False,False,False
AIAgentMarket,client/src/pages/AIAgentMarket.tsx,truthfully-gated,True,False,False,False,False,False,True,False,False
AIAssistant,client/src/pages/AIAssistant.tsx,interactive-review,True,False,False,False,False,True,True,False,False
AIBrain,client/src/pages/AIBrain.tsx,integration-backed-review,True,True,False,True,True,True,True,False,False
AICodeStudio,client/src/pages/AICodeStudio.tsx,integration-backed-review,True,True,False,True,True,True,True,False,False
AICopyStudio,client/src/pages/AICopyStudio.tsx,integration-backed-review,True,True,False,True,True,True,True,False,True
AICore,client/src/pages/AICore.tsx,truthfully-gated,True,False,False,False,False,False,True,False,False
AIEngineer,client/src/pages/AIEngineer.tsx,integration-backed-review,True,True,False,True,False,True,True,False,True
AIGovernance,client/src/pages/AIGovernance.tsx,truthfully-gated,True,False,False,False,False,False,True,False,False
AIMarketAgents,client/src/pages/AIMarketAgents.tsx,integration-backed-review,True,True,False,True,True,True,False,False,True
AIMatchmaker,client/src/pages/AIMatchmaker.tsx,interactive-review,True,False,False,False,False,True,False,False,False
AIModerationQueue,client/src/pages/AIModerationQueue.tsx,integration-backed-review,True,True,False,True,True,True,False,False,False
AIPersonaFeed,client/src/pages/AIPersonaFeed.tsx,integration-backed-review,True,True,False,True,True,True,False,False,False
AIPersonaSystem,client/src/pages/AIPersonaSystem.tsx,interactive-review,True,False,False,False,False,True,False,False,False
AIToolsHub,client/src/pages/AIToolsHub.tsx,interactive-review,True,False,False,False,False,True,True,False,False
AITrading,client/src/pages/AITrading.tsx,truthfully-gated,True,False,False,False,False,False,True,False,False
AITrainingLoops,client/src/pages/AITrainingLoops.tsx,interactive-review,True,False,False,False,False,True,False,False,False
APIDocs,client/src/pages/APIDocs.tsx,integration-backed-review,True,False,True,False,False,True,False,False,False
APIDocumentation,client/src/pages/APIDocumentation.tsx,interactive-review,True,False,False,False,False,True,True,False,False
APIIntegration,client/src/pages/APIIntegration.tsx,interactive-review,True,False,False,False,False,True,True,False,False
APIKeys,client/src/pages/APIKeys.tsx,interactive-review,True,False,False,False,False,True,True,False,False
APILogs,client/src/pages/APILogs.tsx,interactive-review,True,False,False,False,False,True,False,False,False
APIManagement,client/src/pages/APIManagement.tsx,static-review,True,False,False,False,False,False,False,False,False
APIMonitoring,client/src/pages/APIMonitoring.tsx,interactive-review,True,False,False,False,False,True,True,False,False
APIStatus,client/src/pages/APIStatus.tsx,interactive-review,True,False,False,False,False,True,True,False,False
APITesting,client/src/pages/APITesting.tsx,interactive-review,True,False,False,False,False,True,True,False,False
APIUsage,client/src/pages/APIUsage.tsx,interactive-review,True,False,False,False,False,True,True,False,False
APIVersioning,client/src/pages/APIVersioning.tsx,interactive-review,True,False,False,False,False,True,True,False,False
APYTracking,client/src/pages/APYTracking.tsx,truthfully-gated,True,False,False,False,False,False,True,False,False
About,client/src/pages/About.tsx,static-review,True,False,False,False,False,False,False,False,True
AccessControl,client/src/pages/AccessControl.tsx,interactive-review,True,False,False,False,False,True,True,False,False
AccessibilitySettings,client/src/pages/AccessibilitySettings.tsx,interactive-review,True,False,False,False,False,True,False,False,False
AccordionNavigation,client/src/pages/AccordionNavigation.tsx,interactive-review,True,False,False,False,False,True,False,False,False
AccountSettings,client/src/pages/AccountSettings.tsx,interactive-review,True,False,False,False,False,True,False,False,True
AchievementBadges,client/src/pages/AchievementBadges.tsx,truthfully-gated,True,False,False,False,False,False,True,False,False
Achievements,client/src/pages/Achievements.tsx,interactive-review,True,False,False,False,False,True,True,False,False
ActionObjects,client/src/pages/ActionObjects.tsx,integration-backed-review,True,True,False,False,True,True,True,False,False
ActionPanel,client/src/pages/ActionPanel.tsx,integration-backed-review,True,True,False,True,False,True,True,False,True
ActivityFeed,client/src/pages/ActivityFeed.tsx,interactive-review,True,False,False,False,False,True,True,False,False
ActivityTracking,client/src/pages/ActivityTracking.tsx,interactive-review,True,False,False,False,False,True,True,False,False
AdaptivePersonalization,client/src/pages/AdaptivePersonalization.tsx,interactive-review,True,False,False,False,False,True,False,False,True
AdaptiveRoadmap,client/src/pages/AdaptiveRoadmap.tsx,interactive-review,True,False,False,False,False,True,False,False,False
AddBankAccount,client/src/pages/AddBankAccount.tsx,interactive-review,True,False,False,False,False,True,False,False,False
AddCreditCard,client/src/pages/AddCreditCard.tsx,interactive-review,True,False,False,False,False,True,False,False,False
AddressBook,client/src/pages/AddressBook.tsx,interactive-review,True,False,False,False,False,True,False,False,False
AddressLookup,client/src/pages/AddressLookup.tsx,truthfully-gated,True,False,False,False,False,False,True,False,False
Admin,client/src/pages/Admin.tsx,integration-backed-review,True,True,False,False,True,False,False,False,False
AdminDashboard,client/src/pages/AdminDashboard.tsx,static-review,True,False,False,False,False,False,False,False,False
AdminOrders,client/src/pages/AdminOrders.tsx,truthfully-gated,True,False,False,False,False,False,True,False,False
AdminPanel,client/src/pages/AdminPanel.tsx,truthfully-gated,True,False,False,False,False,False,True,False,False
AdminWalletManager,client/src/pages/AdminWalletManager.tsx,truthfully-gated,True,False,False,False,False,False,True,False,False
AdvancedAdminPanel,client/src/pages/AdvancedAdminPanel.tsx,truthfully-gated,True,False,False,False,False,False,True,False,False
AdvancedAnalytics,client/src/pages/AdvancedAnalytics.tsx,truthfully-gated,True,False,False,False,False,False,True,False,True
AdvancedOrders,client/src/pages/AdvancedOrders.tsx,truthfully-gated,True,False,False,False,False,False,True,False,False
AdvancedSearch,client/src/pages/AdvancedSearch.tsx,interactive-review,True,False,False,False,False,True,True,False,False
AffiliateDashboard,client/src/pages/AffiliateDashboard.tsx,integration-backed-review,True,True,False,False,True,True,True,False,False
AffiliateProgram,client/src/pages/AffiliateProgram.tsx,static-review,True,False,False,False,False,False,False,False,False
AgeGate,client/src/pages/AgeGate.tsx,interactive-review,True,False,False,False,False,True,False,False,False
AgeVerification,client/src/pages/AgeVerification.tsx,truthfully-gated,True,False,False,False,False,False,True,False,False
AgentBuilder,client/src/pages/AgentBuilder.tsx,interactive-review,True,False,False,False,False,True,True,False,False
AgentCity,client/src/pages/AgentCity.tsx,integration-backed-review,True,True,False,False,True,True,False,False,False
AgentCoordination,client/src/pages/AgentCoordination.tsx,static-review,True,False,False,False,False,False,False,False,True
AgentCoordinationHub,client/src/pages/AgentCoordinationHub.tsx,integration-backed-review,True,True,False,True,True,True,True,False,True
AgentDebate,client/src/pages/AgentDebate.tsx,interactive-review,True,False,False,False,False,True,False,False,True
AgentDetail,client/src/pages/AgentDetail.tsx,truthfully-gated,True,False,False,False,False,False,True,False,False
AgentMarketplace,client/src/pages/AgentMarketplace.tsx,integration-backed-review,True,True,False,False,True,True,True,False,False
AgentPerformance,client/src/pages/AgentPerformance.tsx,interactive-review,True,False,False,False,False,True,True,False,False
AgentSprint,client/src/pages/AgentSprint.tsx,static-review,True,False,False,False,False,False,False,False,True
AgentsDashboard,client/src/pages/AgentsDashboard.tsx,interactive-review,True,False,False,False,False,True,False,False,True
AlertConfiguration,client/src/pages/AlertConfiguration.tsx,interactive-review,True,False,False,False,False,True,True,False,False
AlertDialog,client/src/pages/AlertDialog.tsx,interactive-review,True,False,False,False,False,True,False,False,False
AlertManagement,client/src/pages/AlertManagement.tsx,interactive-review,True,False,False,False,False,True,True,False,False
AmbientFeed,client/src/pages/AmbientFeed.tsx,integration-backed-review,True,True,False,False,True,True,True,False,True
Analytics,client/src/pages/Analytics.tsx,truthfully-gated,True,False,False,False,False,False,True,False,False
AnalyticsDashboard,client/src/pages/AnalyticsDashboard.tsx,interactive-review,True,False,False,False,False,True,False,False,False
AnalyticsProducts,client/src/pages/AnalyticsProducts.tsx,interactive-review,True,False,False,False,False,True,True,False,True
AnalyticsReports,client/src/pages/AnalyticsReports.tsx,interactive-review,True,False,False,False,False,True,True,False,False
AnomalyDetection,client/src/pages/AnomalyDetection.tsx,interactive-review,True,False,False,False,False,True,True,False,False
AntiSurveillance,client/src/pages/AntiSurveillance.tsx,interactive-review,True,False,False,False,False,True,False,False,False
ApprovalWorkflows,client/src/pages/ApprovalWorkflows.tsx,truthfully-gated,True,False,False,False,False,False,True,False,False
ArbitrageBot,client/src/pages/ArbitrageBot.tsx,truthfully-gated,True,False,False,False,False,False,True,False,False
Arcade,client/src/pages/Arcade.tsx,integration-backed-review,True,True,False,False,True,False,True,False,False
ArchiveManagement,client/src/pages/ArchiveManagement.tsx,truthfully-gated,True,False,False,False,False,False,True,False,False
AssetAllocation,client/src/pages/AssetAllocation.tsx,static-review,True,False,False,False,False,False,False,False,False
AssetManagement,client/src/pages/AssetManagement.tsx,interactive-review,True,False,False,False,False,True,True,False,False
AssetTracking,client/src/pages/AssetTracking.tsx,truthfully-gated,True,False,False,False,False,False,True,False,False
AssignmentTracker,client/src/pages/AssignmentTracker.tsx,interactive-review,True,False,False,False,False,True,True,False,False
AttributionModeling,client/src/pages/AttributionModeling.tsx,interactive-review,True,False,False,False,False,True,True,False,False
AudienceSegmentation,client/src/pages/AudienceSegmentation.tsx,interactive-review,True,False,False,False,False,True,True,False,False
AudioAnalytics,client/src/pages/AudioAnalytics.tsx,interactive-review,True,False,False,False,False,True,True,False,False
AudioEditing,client/src/pages/AudioEditing.tsx,truthfully-gated,True,False,False,False,False,False,True,False,False
AudioLibrary,client/src/pages/AudioLibrary.tsx,interactive-review,True,False,False,False,False,True,True,False,False
AudioPlayer,client/src/pages/AudioPlayer.tsx,interactive-review,True,False,False,False,False,True,False,False,False
AuditLog,client/src/pages/AuditLog.tsx,static-review,True,False,False,False,False,False,False,False,False
AuditLogs,client/src/pages/AuditLogs.tsx,truthfully-gated,True,False,False,False,False,False,True,False,False
AuditTrail,client/src/pages/AuditTrail.tsx,interactive-review,True,False,False,False,False,True,True,False,False
AutoResponder,client/src/pages/AutoResponder.tsx,interactive-review,True,False,False,False,False,True,True,False,False
AutomationEngine,client/src/pages/AutomationEngine.tsx,interactive-review,True,False,False,False,False,True,False,False,False
AutomationRules,client/src/pages/AutomationRules.tsx,interactive-review,True,False,False,False,False,True,True,False,False
AutomationWorkflows,client/src/pages/AutomationWorkflows.tsx,static-review,True,False,False,False,False,False,False,False,True
BackupManagement,client/src/pages/BackupManagement.tsx,static-review,True,False,False,False,False,False,False,False,False
Badges,client/src/pages/Badges.tsx,static-review,True,False,False,False,False,False,False,False,False
BanSuspendUser,client/src/pages/BanSuspendUser.tsx,interactive-review,True,False,False,False,False,True,False,False,False
BatchGeneration,client/src/pages/BatchGeneration.tsx,truthfully-gated,True,False,False,False,False,False,True,False,False
BattlePass,client/src/pages/BattlePass.tsx,integration-backed-review,True,True,False,True,True,True,True,False,False
BehavioralIntelligence,client/src/pages/BehavioralIntelligence.tsx,interactive-review,True,False,False,False,False,True,False,False,False
Beta,client/src/pages/Beta.tsx,truthfully-gated,True,False,False,False,False,False,True,False,False
BillingHistory,client/src/pages/BillingHistory.tsx,interactive-review,True,False,False,False,False,True,True,False,False
BlockBrowser,client/src/pages/BlockBrowser.tsx,truthfully-gated,True,False,False,False,False,False,True,False,False
BlockRewards,client/src/pages/BlockRewards.tsx,truthfully-gated,True,False,False,False,False,False,True,False,False
BlockUser,client/src/pages/BlockUser.tsx,interactive-review,True,False,False,False,False,True,False,False,False
BlockchainCustody,client/src/pages/BlockchainCustody.tsx,integration-backed-review,True,True,False,True,True,True,True,False,False
BlockchainMonitor,client/src/pages/BlockchainMonitor.tsx,interactive-review,True,False,False,False,False,True,True,False,False
BlockedUsers,client/src/pages/BlockedUsers.tsx,static-review,True,False,False,False,False,False,False,False,False
BlogEditor,client/src/pages/BlogEditor.tsx,interactive-review,True,False,False,False,False,True,True,False,False
BlogPublisher,client/src/pages/BlogPublisher.tsx,interactive-review,True,False,False,False,False,True,True,False,False
BookPage,client/src/pages/BookPage.tsx,interactive-review,True,False,False,False,False,True,True,False,False
Bookmarks,client/src/pages/Bookmarks.tsx,integration-backed-review,True,True,False,True,True,True,True,False,False
BountySystem,client/src/pages/BountySystem.tsx,integration-backed-review,True,True,False,True,True,True,True,False,False
BrandGuidelines,client/src/pages/BrandGuidelines.tsx,interactive-review,True,False,False,False,False,True,True,False,False
BreadcrumbNavigation,client/src/pages/BreadcrumbNavigation.tsx,interactive-review,True,False,False,False,False,True,False,False,False
BridgeProtocol,client/src/pages/BridgeProtocol.tsx,truthfully-gated,True,False,False,False,False,False,True,False,False
BridgeTransactions,client/src/pages/BridgeTransactions.tsx,interactive-review,True,False,False,False,False,True,True,False,False
BrowserExtension,client/src/pages/BrowserExtension.tsx,interactive-review,True,False,False,False,False,True,True,False,True
BudgetPlanner,client/src/pages/BudgetPlanner.tsx,interactive-review,True,False,False,False,False,True,True,False,False
BugReporting,client/src/pages/BugReporting.tsx,interactive-review,True,False,False,False,False,True,True,False,False
BuildOrder,client/src/pages/BuildOrder.tsx,static-review,True,False,False,False,False,False,False,False,False
BuildRoadmap,client/src/pages/BuildRoadmap.tsx,static-review,True,False,False,False,False,False,False,False,False
BulkOperations,client/src/pages/BulkOperations.tsx,interactive-review,True,False,False,False,False,True,True,False,False
BulkOrdering,client/src/pages/BulkOrdering.tsx,truthfully-gated,True,False,False,False,False,False,True,False,False
BulkUpload,client/src/pages/BulkUpload.tsx,interactive-review,True,False,False,False,False,True,True,False,False
CCPA,client/src/pages/CCPA.tsx,interactive-review,True,False,False,False,False,True,True,False,False
CDNManagement,client/src/pages/CDNManagement.tsx,static-review,True,False,False,False,False,False,False,False,False
CRM,client/src/pages/CRM.tsx,interactive-review,True,False,False,False,False,True,True,False,False
CacheManagement,client/src/pages/CacheManagement.tsx,static-review,True,False,False,False,False,False,False,False,False
Calculator,client/src/pages/Calculator.tsx,interactive-review,True,False,False,False,False,True,True,False,False
Calendar,client/src/pages/Calendar.tsx,interactive-review,True,False,False,False,False,True,True,False,False
CalendarView,client/src/pages/CalendarView.tsx,interactive-review,True,False,False,False,False,True,False,False,False
CampaignAnalytics,client/src/pages/CampaignAnalytics.tsx,interactive-review,True,False,False,False,False,True,True,False,False
CampaignBuilder,client/src/pages/CampaignBuilder.tsx,interactive-review,True,False,False,False,False,True,True,False,False
CampaignCreation,client/src/pages/CampaignCreation.tsx,truthfully-gated,True,False,False,False,False,False,True,False,False
CarRental,client/src/pages/CarRental.tsx,interactive-review,True,False,False,False,False,True,True,False,False
CardGridView,client/src/pages/CardGridView.tsx,interactive-review,True,False,False,False,False,True,False,False,False
CashFlowAnalysis,client/src/pages/CashFlowAnalysis.tsx,interactive-review,True,False,False,False,False,True,True,False,False
CategoryManagement,client/src/pages/CategoryManagement.tsx,interactive-review,True,False,False,False,False,True,True,False,False
CertificateManager,client/src/pages/CertificateManager.tsx,interactive-review,True,False,False,False,False,True,True,False,False
ChainExplorer,client/src/pages/ChainExplorer.tsx,truthfully-gated,True,False,False,False,False,False,True,False,False
ChangeLog,client/src/pages/ChangeLog.tsx,interactive-review,True,False,False,False,False,True,True,False,False
ChannelCustomization,client/src/pages/ChannelCustomization.tsx,static-review,True,False,False,False,False,False,False,False,False
Charity,client/src/pages/Charity.tsx,integration-backed-review,True,True,False,True,True,True,True,False,True
CharityLeaderboard,client/src/pages/CharityLeaderboard.tsx,integration-backed-review,True,True,False,False,True,False,True,False,False
ChartAnalysis,client/src/pages/ChartAnalysis.tsx,static-review,True,False,False,False,False,False,False,False,False
ChartDashboard,client/src/pages/ChartDashboard.tsx,interactive-review,True,False,False,False,False,True,False,False,False
ChatBot,client/src/pages/ChatBot.tsx,interactive-review,True,False,False,False,False,True,True,False,False
ChatHistory,client/src/pages/ChatHistory.tsx,interactive-review,True,False,False,False,False,True,True,False,False
ChatMVP,client/src/pages/ChatMVP.tsx,integration-backed-review,True,True,False,True,True,True,True,False,True
CheckboxGroupForm,client/src/pages/CheckboxGroupForm.tsx,interactive-review,True,False,False,False,False,True,False,False,False
Checkout,client/src/pages/Checkout.tsx,interactive-review,True,False,False,False,False,True,True,False,False
CheckoutFlow,client/src/pages/CheckoutFlow.tsx,truthfully-gated,True,False,False,False,False,False,True,False,False
ChinaEdition,client/src/pages/ChinaEdition.tsx,interactive-review,True,False,False,False,False,True,False,False,False
ChurnPrediction,client/src/pages/ChurnPrediction.tsx,interactive-review,True,False,False,False,False,True,True,False,False
CitizenPassport,client/src/pages/CitizenPassport.tsx,integration-backed-review,True,True,False,False,True,False,False,False,False
CivilizationSimulator,client/src/pages/CivilizationSimulator.tsx,integration-backed-review,True,True,False,False,True,True,False,False,False
ClanWars,client/src/pages/ClanWars.tsx,integration-backed-review,True,True,False,False,True,True,True,False,False
ClassroomManagement,client/src/pages/ClassroomManagement.tsx,interactive-review,True,False,False,False,False,True,True,False,False
ClientLibraries,client/src/pages/ClientLibraries.tsx,interactive-review,True,False,False,False,False,True,True,False,False
ClosingChecklist,client/src/pages/ClosingChecklist.tsx,interactive-review,True,False,False,False,False,True,True,False,False
CodeCompletion,client/src/pages/CodeCompletion.tsx,truthfully-gated,True,False,False,False,False,False,True,False,False
CodeFormatter,client/src/pages/CodeFormatter.tsx,interactive-review,True,False,False,False,False,True,True,False,False
CodeHighlighting,client/src/pages/CodeHighlighting.tsx,truthfully-gated,True,False,False,False,False,False,True,False,False
CodeQuality,client/src/pages/CodeQuality.tsx,static-review,True,False,False,False,False,False,False,False,False
CodeQualityDashboard,client/src/pages/CodeQualityDashboard.tsx,truthfully-gated,True,False,False,False,False,False,True,False,False
CodeRepository,client/src/pages/CodeRepository.tsx,interactive-review,True,False,False,False,False,True,True,False,False
CodeSamples,client/src/pages/CodeSamples.tsx,interactive-review,True,False,False,False,False,True,True,False,False
CohortAnalysis,client/src/pages/CohortAnalysis.tsx,interactive-review,True,False,False,False,False,True,True,False,False
ColorPickerDialog,client/src/pages/ColorPickerDialog.tsx,interactive-review,True,False,False,False,False,True,False,False,False
CommentThread,client/src/pages/CommentThread.tsx,interactive-review,True,False,False,False,False,True,True,False,False
Comments,client/src/pages/Comments.tsx,static-review,True,False,False,False,False,False,False,False,False
CommentsSection,client/src/pages/CommentsSection.tsx,interactive-review,True,False,False,False,False,True,False,False,False
CommissionManagement,client/src/pages/CommissionManagement.tsx,interactive-review,True,False,False,False,False,True,True,False,False
Community,client/src/pages/Community.tsx,integration-backed-review,True,True,False,True,True,True,True,False,False
CommunityCreate,client/src/pages/CommunityCreate.tsx,integration-backed-review,True,True,False,True,False,True,True,False,False
CommunityEngagement,client/src/pages/CommunityEngagement.tsx,truthfully-gated,True,False,False,False,False,False,True,False,False
CommunityGuidelines,client/src/pages/CommunityGuidelines.tsx,interactive-review,True,False,False,False,False,True,True,False,False
CommunityHub,client/src/pages/CommunityHub.tsx,static-review,True,False,False,False,False,False,False,False,False
CompanySimulator,client/src/pages/CompanySimulator.tsx,truthfully-gated,True,False,False,False,False,False,True,False,False
CompetitiveRadar,client/src/pages/CompetitiveRadar.tsx,interactive-review,True,False,False,False,False,True,False,False,False
ComplianceCenter,client/src/pages/ComplianceCenter.tsx,integration-backed-review,True,True,False,True,True,True,True,False,True
ComplianceChecker,client/src/pages/ComplianceChecker.tsx,interactive-review,True,False,False,False,False,True,True,False,False
ComplianceChecking,client/src/pages/ComplianceChecking.tsx,truthfully-gated,True,False,False,False,False,False,True,False,False
ComplianceDashboard,client/src/pages/ComplianceDashboard.tsx,interactive-review,True,False,False,False,False,True,True,False,False
ComplianceReports,client/src/pages/ComplianceReports.tsx,static-review,True,False,False,False,False,False,False,False,False
ComponentShowcase,client/src/pages/ComponentShowcase.tsx,integration-backed-review,True,True,False,True,False,True,True,False,True
ComprehensiveEcosystemLanding,client/src/pages/ComprehensiveEcosystemLanding.tsx,static-review,True,False,False,False,False,False,False,False,True
ConfirmationDialog,client/src/pages/ConfirmationDialog.tsx,interactive-review,True,False,False,False,False,True,False,False,False
ConnectedApps,client/src/pages/ConnectedApps.tsx,interactive-review,True,False,False,False,False,True,False,False,False
ConnectionError,client/src/pages/ConnectionError.tsx,interactive-review,True,False,False,False,False,True,False,False,False
ConnectionRequests,client/src/pages/ConnectionRequests.tsx,interactive-review,True,False,False,False,False,True,True,False,False
ConnectorIntelligence,client/src/pages/ConnectorIntelligence.tsx,interactive-review,True,False,False,False,False,True,False,False,False
ContactManagement,client/src/pages/ContactManagement.tsx,interactive-review,True,False,False,False,False,True,True,False,False
ContactUsForm,client/src/pages/ContactUsForm.tsx,interactive-review,True,False,False,False,False,True,False,False,False
ContentAnalytics,client/src/pages/ContentAnalytics.tsx,static-review,True,False,False,False,False,False,False,False,False
ContentCalendar,client/src/pages/ContentCalendar.tsx,interactive-review,True,False,False,False,False,True,True,False,False
ContentCollaboration,client/src/pages/ContentCollaboration.tsx,static-review,True,False,False,False,False,False,False,False,False
ContentFlagging,client/src/pages/ContentFlagging.tsx,truthfully-gated,True,False,False,False,False,False,True,False,False
ContentLibrary,client/src/pages/ContentLibrary.tsx,static-review,True,False,False,False,False,False,False,False,False
ContentModeration,client/src/pages/ContentModeration.tsx,static-review,True,False,False,False,False,False,False,False,False
ContentScheduler,client/src/pages/ContentScheduler.tsx,interactive-review,True,False,False,False,False,True,True,False,True
ContentScheduling,client/src/pages/ContentScheduling.tsx,static-review,True,False,False,False,False,False,False,False,False
ContentUpload,client/src/pages/ContentUpload.tsx,truthfully-gated,True,False,False,False,False,False,True,False,False
ContentVault,client/src/pages/ContentVault.tsx,interactive-review,True,False,False,False,False,True,True,False,False
ContextMenu,client/src/pages/ContextMenu.tsx,interactive-review,True,False,False,False,False,True,False,False,False
ContractABI,client/src/pages/ContractABI.tsx,interactive-review,True,False,False,False,False,True,True,False,False
ContractManagement,client/src/pages/ContractManagement.tsx,truthfully-gated,True,False,False,False,False,False,True,False,False
ContributionInterface,client/src/pages/ContributionInterface.tsx,truthfully-gated,True,False,False,False,False,False,True,False,False
ConversationArchive,client/src/pages/ConversationArchive.tsx,truthfully-gated,True,False,False,False,False,False,True,False,False
ConversationHistory,client/src/pages/ConversationHistory.tsx,truthfully-gated,True,False,False,False,False,False,True,False,False
ConversionFunnel,client/src/pages/ConversionFunnel.tsx,interactive-review,True,False,False,False,False,True,True,False,False
ConversionOptimization,client/src/pages/ConversionOptimization.tsx,interactive-review,True,False,False,False,False,True,True,False,False
CookiePolicy,client/src/pages/CookiePolicy.tsx,interactive-review,True,False,False,False,False,True,True,False,False
CopyrightManagement,client/src/pages/CopyrightManagement.tsx,static-review,True,False,False,False,False,False,False,False,False
CostAllocation,client/src/pages/CostAllocation.tsx,interactive-review,True,False,False,False,False,True,True,False,False
CostBasisCalculation,client/src/pages/CostBasisCalculation.tsx,truthfully-gated,True,False,False,False,False,False,True,False,False
CourseBuilder,client/src/pages/CourseBuilder.tsx,interactive-review,True,False,False,False,False,True,True,False,False
CourseCatalog,client/src/pages/CourseCatalog.tsx,interactive-review,True,False,False,False,False,True,True,False,False
CoverPhoto,client/src/pages/CoverPhoto.tsx,interactive-review,True,False,False,False,False,True,False,False,False
CreateArticle,client/src/pages/CreateArticle.tsx,interactive-review,True,False,False,False,False,True,True,False,False
CreateAudio,client/src/pages/CreateAudio.tsx,interactive-review,True,False,False,False,False,True,True,False,False
CreateDrop,client/src/pages/CreateDrop.tsx,interactive-review,True,False,False,False,False,True,True,False,True
CreateReel,client/src/pages/CreateReel.tsx,integration-backed-review,True,True,True,True,False,True,True,False,False
CreatorAnalytics,client/src/pages/CreatorAnalytics.tsx,integration-backed-review,True,True,False,False,True,True,False,False,True
CreatorDashboard,client/src/pages/CreatorDashboard.tsx,integration-backed-review,True,True,False,False,True,False,False,False,True
CreatorEconomy,client/src/pages/CreatorEconomy.tsx,interactive-review,True,False,False,False,False,True,False,False,False
CreatorFunding,client/src/pages/CreatorFunding.tsx,static-review,True,False,False,False,False,False,False,False,False
CreatorGrants,client/src/pages/CreatorGrants.tsx,static-review,True,False,False,False,False,False,False,False,False
CreatorIntelligence,client/src/pages/CreatorIntelligence.tsx,interactive-review,True,False,False,False,False,True,False,False,True
CreatorMonetization,client/src/pages/CreatorMonetization.tsx,integration-backed-review,True,True,False,False,True,False,False,False,False
CreatorNetwork,client/src/pages/CreatorNetwork.tsx,static-review,True,False,False,False,False,False,False,False,False
CreatorOnboarding,client/src/pages/CreatorOnboarding.tsx,interactive-review,True,False,False,False,False,True,False,False,False
CreatorProfile,client/src/pages/CreatorProfile.tsx,integration-backed-review,True,True,False,True,False,True,True,False,True
CreatorSpotlight,client/src/pages/CreatorSpotlight.tsx,interactive-review,True,False,False,False,False,True,True,False,True
CreatorStudio,client/src/pages/CreatorStudio.tsx,static-review,True,False,False,False,False,False,False,False,False
CrossChainInterop,client/src/pages/CrossChainInterop.tsx,interactive-review,True,False,False,False,False,True,True,False,True
CrossChainSwap,client/src/pages/CrossChainSwap.tsx,truthfully-gated,True,False,False,False,False,False,True,False,False
Crypto,client/src/pages/Crypto.tsx,integration-backed-review,True,True,False,False,True,False,True,False,True
CryptoEnhancementsPage,client/src/pages/CryptoEnhancementsPage.tsx,truthfully-gated,True,False,False,False,False,False,True,False,False
CryptoExchange,client/src/pages/CryptoExchange.tsx,truthfully-gated,True,False,False,False,False,False,True,False,False
CryptoHub,client/src/pages/CryptoHub.tsx,truthfully-gated,True,False,False,False,False,False,True,False,False
CryptoNews,client/src/pages/CryptoNews.tsx,static-review,True,False,False,False,False,False,False,False,False
CryptoResearchHub,client/src/pages/CryptoResearchHub.tsx,interactive-review,True,False,False,False,False,True,True,False,True
CustomDashboard,client/src/pages/CustomDashboard.tsx,interactive-review,True,False,False,False,False,True,True,False,False
CustomReports,client/src/pages/CustomReports.tsx,interactive-review,True,False,False,False,False,True,True,False,False
CustomerAnalytics,client/src/pages/CustomerAnalytics.tsx,interactive-review,True,False,False,False,False,True,True,False,False
CustomerDisputes,client/src/pages/CustomerDisputes.tsx,interactive-review,True,False,False,False,False,True,True,False,False
DAOGovernance,client/src/pages/DAOGovernance.tsx,truthfully-gated,True,False,False,False,False,False,True,False,False
DAOTreasury,client/src/pages/DAOTreasury.tsx,interactive-review,True,False,False,False,False,True,True,False,False
DCACalculator,client/src/pages/DCACalculator.tsx,static-review,True,False,False,False,False,False,False,False,False
DEXDepthChart,client/src/pages/DEXDepthChart.tsx,interactive-review,True,False,False,False,False,True,False,False,True
DMInbox,client/src/pages/DMInbox.tsx,truthfully-gated,True,False,False,False,False,False,True,False,False
Dashboard,client/src/pages/Dashboard.tsx,truthfully-gated,True,False,False,False,False,False,True,False,True
DashboardOverview,client/src/pages/DashboardOverview.tsx,interactive-review,True,False,False,False,False,True,True,False,False
DataExport,client/src/pages/DataExport.tsx,interactive-review,True,False,False,False,False,True,True,False,False
DataGrid,client/src/pages/DataGrid.tsx,interactive-review,True,False,False,False,False,True,False,False,False
DataLake,client/src/pages/DataLake.tsx,interactive-review,True,False,False,False,False,True,False,False,False
DataPrivacy,client/src/pages/DataPrivacy.tsx,interactive-review,True,False,False,False,False,True,True,False,False
DataProcessing,client/src/pages/DataProcessing.tsx,interactive-review,True,False,False,False,False,True,True,False,False
DataRetention,client/src/pages/DataRetention.tsx,interactive-review,True,False,False,False,False,True,True,False,False
DataTable,client/src/pages/DataTable.tsx,interactive-review,True,False,False,False,False,True,False,False,False
DataVisualization,client/src/pages/DataVisualization.tsx,interactive-review,True,False,False,False,False,True,True,False,False
DatabaseManagement,client/src/pages/DatabaseManagement.tsx,static-review,True,False,False,False,False,False,False,False,False
DateInputForm,client/src/pages/DateInputForm.tsx,interactive-review,True,False,False,False,False,True,False,False,False
DatePickerDialog,client/src/pages/DatePickerDialog.tsx,interactive-review,True,False,False,False,False,True,False,False,False
DatingDiscovery,client/src/pages/DatingDiscovery.tsx,integration-backed-review,True,False,True,False,False,True,False,False,False
DatingHome,client/src/pages/DatingHome.tsx,interactive-review,True,False,False,False,False,True,True,False,True
DatingMatches,client/src/pages/DatingMatches.tsx,integration-backed-review,True,False,True,False,False,True,True,False,False
DatingMessages,client/src/pages/DatingMessages.tsx,integration-backed-review,True,False,True,False,False,True,True,False,False
DatingPremium,client/src/pages/DatingPremium.tsx,interactive-review,True,False,False,False,False,True,False,False,True
DatingProfile,client/src/pages/DatingProfile.tsx,integration-backed-review,True,False,True,False,False,True,True,False,False
DatingProfileSetup,client/src/pages/DatingProfileSetup.tsx,interactive-review,True,False,False,False,False,True,True,False,False
DatingSubscription,client/src/pages/DatingSubscription.tsx,integration-backed-review,True,False,True,False,False,True,False,False,True
DayTradeRoom,client/src/pages/DayTradeRoom.tsx,truthfully-gated,True,False,False,False,False,False,True,False,False
DeFi,client/src/pages/DeFi.tsx,interactive-review,True,False,False,False,False,True,False,False,True
DecentralizedIdentity,client/src/pages/DecentralizedIdentity.tsx,interactive-review,True,False,False,False,False,True,False,False,False
DefensibilityMoat,client/src/pages/DefensibilityMoat.tsx,truthfully-gated,True,False,False,False,False,False,True,False,False
DeleteAccount,client/src/pages/DeleteAccount.tsx,interactive-review,True,False,False,False,False,True,False,False,False
DeleteContent,client/src/pages/DeleteContent.tsx,interactive-review,True,False,False,False,False,True,False,False,False
DepartmentManagement,client/src/pages/DepartmentManagement.tsx,interactive-review,True,False,False,False,False,True,True,False,False
DependencyGraph,client/src/pages/DependencyGraph.tsx,interactive-review,True,False,False,False,False,True,True,False,False
DeploymentPipeline,client/src/pages/DeploymentPipeline.tsx,interactive-review,True,False,False,False,False,True,True,False,False
DeprecationPolicy,client/src/pages/DeprecationPolicy.tsx,interactive-review,True,False,False,False,False,True,True,False,False
DerivativeTrading,client/src/pages/DerivativeTrading.tsx,static-review,True,False,False,False,False,False,False,False,False
DerivativesTrading,client/src/pages/DerivativesTrading.tsx,truthfully-gated,True,False,False,False,False,False,True,False,False
DestinationGuide,client/src/pages/DestinationGuide.tsx,interactive-review,True,False,False,False,False,True,True,False,False
DestinyEngine,client/src/pages/DestinyEngine.tsx,integration-backed-review,True,True,False,False,True,True,False,False,False
DevOps,client/src/pages/DevOps.tsx,interactive-review,True,False,False,False,False,True,False,False,True
DeveloperArea,client/src/pages/DeveloperArea.tsx,static-review,True,False,False,False,False,False,False,False,False
DeveloperCommunity,client/src/pages/DeveloperCommunity.tsx,interactive-review,True,False,False,False,False,True,True,False,False
DeveloperMarketplace,client/src/pages/DeveloperMarketplace.tsx,interactive-review,True,False,False,False,False,True,True,False,True
DeveloperProtocol,client/src/pages/DeveloperProtocol.tsx,interactive-review,True,False,False,False,False,True,False,False,True
DifficultyCalculator,client/src/pages/DifficultyCalculator.tsx,truthfully-gated,True,False,False,False,False,False,True,False,False
DifficultyTracking,client/src/pages/DifficultyTracking.tsx,truthfully-gated,True,False,False,False,False,False,True,False,False
DigitalArtStore,client/src/pages/DigitalArtStore.tsx,truthfully-gated,True,False,False,False,False,False,True,False,False
DigitalNationMode,client/src/pages/DigitalNationMode.tsx,integration-backed-review,True,True,False,False,True,True,False,False,True
DigitalTwin,client/src/pages/DigitalTwin.tsx,integration-backed-review,True,True,False,False,True,True,False,False,False
DirectMessages,client/src/pages/DirectMessages.tsx,static-review,True,False,False,False,False,False,False,False,False
DirectMessaging,client/src/pages/DirectMessaging.tsx,truthfully-gated,True,False,False,False,False,False,True,False,False
DisasterRecovery,client/src/pages/DisasterRecovery.tsx,static-review,True,False,False,False,False,False,False,False,False
DiscordIntegration,client/src/pages/DiscordIntegration.tsx,interactive-review,True,False,False,False,False,True,True,False,False
Discover,client/src/pages/Discover.tsx,interactive-review,True,False,False,False,False,True,True,False,False
DiscussionBoard,client/src/pages/DiscussionBoard.tsx,interactive-review,True,False,False,False,False,True,True,False,False
DiscussionForums,client/src/pages/DiscussionForums.tsx,interactive-review,True,False,False,False,False,True,True,False,False
DisputeResolution,client/src/pages/DisputeResolution.tsx,interactive-review,True,False,False,False,False,True,True,False,False
DistributionChannels,client/src/pages/DistributionChannels.tsx,interactive-review,True,False,False,False,False,True,True,False,False
DocumentEditor,client/src/pages/DocumentEditor.tsx,interactive-review,True,False,False,False,False,True,True,False,False
DocumentManagement,client/src/pages/DocumentManagement.tsx,truthfully-gated,True,False,False,False,False,False,True,False,False
DocumentSharing,client/src/pages/DocumentSharing.tsx,interactive-review,True,False,False,False,False,True,True,False,False
DocumentSigning,client/src/pages/DocumentSigning.tsx,interactive-review,True,False,False,False,False,True,True,False,False
Documentation,client/src/pages/Documentation.tsx,interactive-review,True,False,False,False,False,True,False,False,False
DogecoinPoolSelection,client/src/pages/DogecoinPoolSelection.tsx,truthfully-gated,True,False,False,False,False,False,True,False,False
DomainManagement,client/src/pages/DomainManagement.tsx,static-review,True,False,False,False,False,False,False,False,False
DonationProcessing,client/src/pages/DonationProcessing.tsx,truthfully-gated,True,False,False,False,False,False,True,False,False
DropdownMenu,client/src/pages/DropdownMenu.tsx,interactive-review,True,False,False,False,False,True,False,False,False
ENSResolver,client/src/pages/ENSResolver.tsx,interactive-review,True,False,False,False,False,True,True,False,False
EarningsTracker,client/src/pages/EarningsTracker.tsx,truthfully-gated,True,False,False,False,False,False,True,False,False
EarningsTracking,client/src/pages/EarningsTracking.tsx,truthfully-gated,True,False,False,False,False,False,True,False,False
EconomicLayer,client/src/pages/EconomicLayer.tsx,integration-backed-review,True,True,False,True,True,True,False,False,False
Economics,client/src/pages/Economics.tsx,truthfully-gated,True,False,False,False,False,False,True,False,True
EconomyControl,client/src/pages/EconomyControl.tsx,integration-backed-review,True,True,False,False,True,True,False,False,True
Ecosystem,client/src/pages/Ecosystem.tsx,integration-backed-review,True,True,False,False,True,True,False,False,True
EditProfile,client/src/pages/EditProfile.tsx,interactive-review,True,False,False,False,False,True,False,False,False
EmailCampaigns,client/src/pages/EmailCampaigns.tsx,interactive-review,True,False,False,False,False,True,True,False,False
EmailConfiguration,client/src/pages/EmailConfiguration.tsx,static-review,True,False,False,False,False,False,False,False,False
EmailInputForm,client/src/pages/EmailInputForm.tsx,interactive-review,True,False,False,False,False,True,False,False,False
EmailIntegration,client/src/pages/EmailIntegration.tsx,interactive-review,True,False,False,False,False,True,True,False,False
EmailNotifications,client/src/pages/EmailNotifications.tsx,interactive-review,True,False,False,False,False,True,False,False,False
EmailTemplates,client/src/pages/EmailTemplates.tsx,interactive-review,True,False,False,False,False,True,True,False,False
EmailVerification,client/src/pages/EmailVerification.tsx,interactive-review,True,False,False,False,False,True,True,False,False
EmbedSDK,client/src/pages/EmbedSDK.tsx,interactive-review,True,False,False,False,False,True,True,False,True
EmptySearchState,client/src/pages/EmptySearchState.tsx,interactive-review,True,False,False,False,False,True,False,False,False
EngagementMetrics,client/src/pages/EngagementMetrics.tsx,interactive-review,True,False,False,False,False,True,True,False,False
EngagementStats,client/src/pages/EngagementStats.tsx,static-review,True,False,False,False,False,False,False,False,False
Engineer,client/src/pages/Engineer.tsx,truthfully-gated,True,False,False,False,False,False,True,False,False
Enterprise,client/src/pages/Enterprise.tsx,interactive-review,True,False,False,False,False,True,True,False,True
EnterpriseAPI,client/src/pages/EnterpriseAPI.tsx,integration-backed-review,True,False,True,False,False,True,False,False,True
EnterpriseAnalytics,client/src/pages/EnterpriseAnalytics.tsx,integration-backed-review,True,True,False,False,True,True,False,False,False
EnterpriseBilling,client/src/pages/EnterpriseBilling.tsx,truthfully-gated,True,False,False,False,False,False,True,False,True
EntityProfile,client/src/pages/EntityProfile.tsx,interactive-review,True,False,False,False,False,True,False,False,True
EnvironmentManagement,client/src/pages/EnvironmentManagement.tsx,interactive-review,True,False,False,False,False,True,True,False,False
Error403,client/src/pages/Error403.tsx,interactive-review,True,False,False,False,False,True,False,False,False
Error404,client/src/pages/Error404.tsx,interactive-review,True,False,False,False,False,True,False,False,False
Error500,client/src/pages/Error500.tsx,interactive-review,True,False,False,False,False,True,False,False,False
Error503,client/src/pages/Error503.tsx,interactive-review,True,False,False,False,False,True,True,False,False
ErrorDialog,client/src/pages/ErrorDialog.tsx,interactive-review,True,False,False,False,False,True,False,False,False
ErrorTracking,client/src/pages/ErrorTracking.tsx,interactive-review,True,False,False,False,False,True,True,False,False
EscrowShop,client/src/pages/EscrowShop.tsx,truthfully-gated,True,False,False,False,False,False,True,False,False
EthereumPoolSelector,client/src/pages/EthereumPoolSelector.tsx,truthfully-gated,True,False,False,False,False,False,True,False,False
EventAnalytics,client/src/pages/EventAnalytics.tsx,interactive-review,True,False,False,False,False,True,True,False,False
EventCalendar,client/src/pages/EventCalendar.tsx,interactive-review,True,False,False,False,False,True,True,False,False
EventCreation,client/src/pages/EventCreation.tsx,interactive-review,True,False,False,False,False,True,True,False,False
EventPlanner,client/src/pages/EventPlanner.tsx,interactive-review,True,False,False,False,False,True,False,False,False
EventRegistration,client/src/pages/EventRegistration.tsx,interactive-review,True,False,False,False,False,True,True,False,False
Events,client/src/pages/Events.tsx,interactive-review,True,False,False,False,False,True,False,False,True
ExecutionHistory,client/src/pages/ExecutionHistory.tsx,truthfully-gated,True,False,False,False,False,False,True,False,False
ExerciseLibrary,client/src/pages/ExerciseLibrary.tsx,interactive-review,True,False,False,False,False,True,True,False,False
ExpenseManagement,client/src/pages/ExpenseManagement.tsx,interactive-review,True,False,False,False,False,True,True,False,False
ExpenseTracker,client/src/pages/ExpenseTracker.tsx,interactive-review,True,False,False,False,False,True,True,False,False
ExperimentFactory,client/src/pages/ExperimentFactory.tsx,interactive-review,True,False,False,False,False,True,False,False,True
ExperimentTracker,client/src/pages/ExperimentTracker.tsx,interactive-review,True,False,False,False,False,True,True,False,False
Explore,client/src/pages/Explore.tsx,integration-backed-review,True,True,False,False,True,True,True,False,False
ExportData,client/src/pages/ExportData.tsx,interactive-review,True,False,False,False,False,True,False,False,False
FAQManagement,client/src/pages/FAQManagement.tsx,interactive-review,True,False,False,False,False,True,True,False,False
FAQPage,client/src/pages/FAQPage.tsx,interactive-review,True,False,False,False,False,True,False,False,False
Farming,client/src/pages/Farming.tsx,truthfully-gated,True,False,False,False,False,False,True,False,True
Favorites,client/src/pages/Favorites.tsx,interactive-review,True,False,False,False,False,True,False,False,False
FeatureRequests,client/src/pages/FeatureRequests.tsx,interactive-review,True,False,False,False,False,True,True,False,False
FeatureTour,client/src/pages/FeatureTour.tsx,interactive-review,True,False,False,False,False,True,False,False,False
Features,client/src/pages/Features.tsx,integration-backed-review,True,True,False,False,True,False,False,False,True
FeeCalculation,client/src/pages/FeeCalculation.tsx,truthfully-gated,True,False,False,False,False,False,True,False,False
FeedWithPosts,client/src/pages/FeedWithPosts.tsx,truthfully-gated,True,False,False,False,False,False,True,False,False
Feedback,client/src/pages/Feedback.tsx,interactive-review,True,False,False,False,False,True,True,False,False
FeedbackDialog,client/src/pages/FeedbackDialog.tsx,interactive-review,True,False,False,False,False,True,False,False,False
FeedbackForm,client/src/pages/FeedbackForm.tsx,interactive-review,True,False,False,False,False,True,False,False,False
FeedbackHub,client/src/pages/FeedbackHub.tsx,interactive-review,True,False,False,False,False,True,True,False,False
FileBrowser,client/src/pages/FileBrowser.tsx,interactive-review,True,False,False,False,False,True,False,False,False
FileConverter,client/src/pages/FileConverter.tsx,interactive-review,True,False,False,False,False,True,True,False,False
FileDownload,client/src/pages/FileDownload.tsx,interactive-review,True,False,False,False,False,True,False,False,False
FilePreview,client/src/pages/FilePreview.tsx,interactive-review,True,False,False,False,False,True,False,False,False
FileSharing,client/src/pages/FileSharing.tsx,truthfully-gated,True,False,False,False,False,False,True,False,False
FileUploadDialog,client/src/pages/FileUploadDialog.tsx,interactive-review,True,False,False,False,False,True,False,False,False
FileUploadForm,client/src/pages/FileUploadForm.tsx,interactive-review,True,False,False,False,False,True,False,False,False
FileUploadProgress,client/src/pages/FileUploadProgress.tsx,interactive-review,True,False,False,False,False,True,False,False,False
FileVersioning,client/src/pages/FileVersioning.tsx,interactive-review,True,False,False,False,False,True,True,False,False
FilterPanel,client/src/pages/FilterPanel.tsx,interactive-review,True,False,False,False,False,True,False,False,False
FinancialReports,client/src/pages/FinancialReports.tsx,interactive-review,True,False,False,False,False,True,True,False,False
FlashLoans,client/src/pages/FlashLoans.tsx,truthfully-gated,True,False,False,False,False,False,True,False,False
FlightSearch,client/src/pages/FlightSearch.tsx,interactive-review,True,False,False,False,False,True,True,False,False
FollowList,client/src/pages/FollowList.tsx,interactive-review,True,False,False,False,False,True,False,False,False
FollowRequests,client/src/pages/FollowRequests.tsx,static-review,True,False,False,False,False,False,False,False,False
FollowSystem,client/src/pages/FollowSystem.tsx,truthfully-gated,True,False,False,False,False,False,True,False,False
FollowUnfollow,client/src/pages/FollowUnfollow.tsx,interactive-review,True,False,False,False,False,True,False,False,False
FollowerList,client/src/pages/FollowerList.tsx,interactive-review,True,False,False,False,False,True,False,False,False
FollowersNetwork,client/src/pages/FollowersNetwork.tsx,static-review,True,False,False,False,False,False,False,False,False
ForecastingEngine,client/src/pages/ForecastingEngine.tsx,interactive-review,True,False,False,False,False,True,True,False,False
ForumCategories,client/src/pages/ForumCategories.tsx,interactive-review,True,False,False,False,False,True,True,False,False
FrameworkTemplates,client/src/pages/FrameworkTemplates.tsx,truthfully-gated,True,False,False,False,False,False,True,False,False
FreeWillDashboard,client/src/pages/FreeWillDashboard.tsx,integration-backed-review,True,True,False,False,True,True,False,False,False
FundraiserTools,client/src/pages/FundraiserTools.tsx,truthfully-gated,True,False,False,False,False,False,True,False,False
GDPR,client/src/pages/GDPR.tsx,interactive-review,True,False,False,False,False,True,True,False,False
GTMStrategy,client/src/pages/GTMStrategy.tsx,interactive-review,True,False,False,False,False,True,False,False,True
GainLossTracking,client/src/pages/GainLossTracking.tsx,truthfully-gated,True,False,False,False,False,False,True,False,False
GameBlackjack,client/src/pages/GameBlackjack.tsx,interactive-review,True,False,False,False,False,True,False,False,False
GameBlockBuilder,client/src/pages/GameBlockBuilder.tsx,interactive-review,True,False,False,False,False,True,False,False,False
GameChat,client/src/pages/GameChat.tsx,interactive-review,True,False,False,False,False,True,True,False,False
GameCrash,client/src/pages/GameCrash.tsx,interactive-review,True,False,False,False,False,True,True,False,False
GameCryptoQuiz,client/src/pages/GameCryptoQuiz.tsx,interactive-review,True,False,False,False,False,True,False,False,False
GameFiQuestBoard,client/src/pages/GameFiQuestBoard.tsx,interactive-review,True,False,False,False,False,True,False,False,True
GameLobby,client/src/pages/GameLobby.tsx,interactive-review,True,False,False,False,False,True,True,False,False
GameRoom,client/src/pages/GameRoom.tsx,interactive-review,True,False,False,False,False,True,True,False,False
GameSettings,client/src/pages/GameSettings.tsx,interactive-review,True,False,False,False,False,True,True,False,False
GameSlots,client/src/pages/GameSlots.tsx,interactive-review,True,False,False,False,False,True,False,False,False
GameTokenTap,client/src/pages/GameTokenTap.tsx,interactive-review,True,False,False,False,False,True,False,False,False
Gaming,client/src/pages/Gaming.tsx,integration-backed-review,True,True,False,False,True,False,False,False,False
GamingForCharity,client/src/pages/GamingForCharity.tsx,interactive-review,True,False,False,False,False,True,False,False,False
GanttChart,client/src/pages/GanttChart.tsx,interactive-review,True,False,False,False,False,True,True,False,False
GasFeeEstimator,client/src/pages/GasFeeEstimator.tsx,interactive-review,True,False,False,False,False,True,False,False,False
GasPriceMonitor,client/src/pages/GasPriceMonitor.tsx,truthfully-gated,True,False,False,False,False,False,True,False,True
GasTracker,client/src/pages/GasTracker.tsx,truthfully-gated,True,False,False,False,False,False,True,False,False
GeneralSettings,client/src/pages/GeneralSettings.tsx,interactive-review,True,False,False,False,False,True,False,False,False
GeneratedApiExplorer,client/src/pages/GeneratedApiExplorer.tsx,interactive-review,True,False,False,False,False,True,True,False,False
GeneratedGallery,client/src/pages/GeneratedGallery.tsx,interactive-review,True,False,False,False,False,True,False,False,False
GettingStartedGuide,client/src/pages/GettingStartedGuide.tsx,interactive-review,True,False,False,False,False,True,False,False,False
GhostMode,client/src/pages/GhostMode.tsx,interactive-review,True,False,False,False,False,True,False,False,False
GlobalOperationsCenter,client/src/pages/GlobalOperationsCenter.tsx,integration-backed-review,True,True,False,False,True,True,False,False,False
GlobalSearch,client/src/pages/GlobalSearch.tsx,interactive-review,True,False,False,False,False,True,False,False,False
Governance,client/src/pages/Governance.tsx,integration-backed-review,True,True,False,True,True,True,True,False,False
GovernanceVoting,client/src/pages/GovernanceVoting.tsx,truthfully-gated,True,False,False,False,False,False,True,False,False
GovernanceWizard,client/src/pages/GovernanceWizard.tsx,interactive-review,True,False,False,False,False,True,True,False,False
GradeBook,client/src/pages/GradeBook.tsx,interactive-review,True,False,False,False,False,True,True,False,False
GroupChat,client/src/pages/GroupChat.tsx,interactive-review,True,False,False,False,False,True,True,False,False
GroupChats,client/src/pages/GroupChats.tsx,static-review,True,False,False,False,False,False,False,False,False
GroupDirectory,client/src/pages/GroupDirectory.tsx,interactive-review,True,False,False,False,False,True,True,False,False
GroupEvents,client/src/pages/GroupEvents.tsx,interactive-review,True,False,False,False,False,True,True,False,False
GroupManagement,client/src/pages/GroupManagement.tsx,interactive-review,True,False,False,False,False,True,True,False,False
Growth,client/src/pages/Growth.tsx,truthfully-gated,True,False,False,False,False,False,True,False,False
Guilds,client/src/pages/Guilds.tsx,truthfully-gated,True,False,False,False,False,False,True,False,False
HIPAA,client/src/pages/HIPAA.tsx,interactive-review,True,False,False,False,False,True,True,False,False
HOPEAIControl,client/src/pages/HOPEAIControl.tsx,integration-backed-review,True,True,False,False,True,True,False,False,False
HashRateMonitor,client/src/pages/HashRateMonitor.tsx,truthfully-gated,True,False,False,False,False,False,True,False,False
HashtagExplorer,client/src/pages/HashtagExplorer.tsx,integration-backed-review,True,True,False,False,True,True,True,False,False
HashtagSearch,client/src/pages/HashtagSearch.tsx,interactive-review,True,False,False,False,False,True,False,False,False
Hashtags,client/src/pages/Hashtags.tsx,static-review,True,False,False,False,False,False,False,False,False
HealthArticles,client/src/pages/HealthArticles.tsx,interactive-review,True,False,False,False,False,True,True,False,False
HealthDashboard,client/src/pages/HealthDashboard.tsx,interactive-review,True,False,False,False,False,True,True,False,False
HealthGoals,client/src/pages/HealthGoals.tsx,interactive-review,True,False,False,False,False,True,True,False,False
HelpCenter,client/src/pages/HelpCenter.tsx,interactive-review,True,False,False,False,False,True,True,False,False
Home,client/src/pages/Home.tsx,static-review,True,False,False,False,False,False,False,False,False
HopeAI,client/src/pages/HopeAI.tsx,integration-backed-review,True,True,False,True,True,True,True,False,False
HopeAIAdvanced,client/src/pages/HopeAIAdvanced.tsx,interactive-review,True,False,False,False,False,True,True,False,False
HopeAIMeta,client/src/pages/HopeAIMeta.tsx,interactive-review,True,False,False,False,False,True,True,False,False
HopeAIPage,client/src/pages/HopeAIPage.tsx,truthfully-gated,True,False,False,False,False,False,True,False,False
HopeAIUpgrades,client/src/pages/HopeAIUpgrades.tsx,interactive-review,True,False,False,False,False,True,False,False,False
HotelSearch,client/src/pages/HotelSearch.tsx,interactive-review,True,False,False,False,False,True,True,False,False
HubSpotIntegration,client/src/pages/HubSpotIntegration.tsx,interactive-review,True,False,False,False,False,True,True,False,False
ICOLaunchpad,client/src/pages/ICOLaunchpad.tsx,truthfully-gated,True,False,False,False,False,False,True,False,False
IFTTT,client/src/pages/IFTTT.tsx,interactive-review,True,False,False,False,False,True,True,False,False
IITR,client/src/pages/IITR.tsx,static-review,True,False,False,False,False,False,False,False,True
ITServicesLanding,client/src/pages/ITServicesLanding.tsx,static-review,True,False,False,False,False,False,False,False,True
ITServicesPortal,client/src/pages/ITServicesPortal.tsx,static-review,True,False,False,False,False,False,False,False,True
ImageEditor,client/src/pages/ImageEditor.tsx,truthfully-gated,True,False,False,False,False,False,True,False,False
ImageGallery,client/src/pages/ImageGallery.tsx,interactive-review,True,False,False,False,False,True,False,False,False
ImageTools,client/src/pages/ImageTools.tsx,interactive-review,True,False,False,False,False,True,True,False,False
ImageViewer,client/src/pages/ImageViewer.tsx,interactive-review,True,False,False,False,False,True,False,False,False
ImpactMap,client/src/pages/ImpactMap.tsx,integration-backed-review,True,True,False,False,True,True,True,False,False
ImpactMetrics,client/src/pages/ImpactMetrics.tsx,truthfully-gated,True,False,False,False,False,False,True,False,False
InAppNotifications,client/src/pages/InAppNotifications.tsx,interactive-review,True,False,False,False,False,True,False,False,False
InGameCurrency,client/src/pages/InGameCurrency.tsx,truthfully-gated,True,False,False,False,False,False,True,False,False
IncidentManagement,client/src/pages/IncidentManagement.tsx,static-review,True,False,False,False,False,False,False,False,False
InputDialog,client/src/pages/InputDialog.tsx,interactive-review,True,False,False,False,False,True,False,False,False
InstructorDashboard,client/src/pages/InstructorDashboard.tsx,interactive-review,True,False,False,False,False,True,True,False,False
IntegrationSetup,client/src/pages/IntegrationSetup.tsx,interactive-review,True,False,False,False,False,True,False,False,False
Integrations,client/src/pages/Integrations.tsx,interactive-review,True,False,False,False,False,True,False,False,False
InventoryManagement,client/src/pages/InventoryManagement.tsx,interactive-review,True,False,False,False,False,True,True,False,False
InvestmentGoals,client/src/pages/InvestmentGoals.tsx,static-review,True,False,False,False,False,False,False,False,False
InvestorMetrics,client/src/pages/InvestorMetrics.tsx,truthfully-gated,True,False,False,False,False,False,True,False,True
InvestorPitch,client/src/pages/InvestorPitch.tsx,interactive-review,True,False,False,False,False,True,False,False,True
InvestorPortal,client/src/pages/InvestorPortal.tsx,truthfully-gated,True,False,False,False,False,False,True,False,False
InvestorRoom,client/src/pages/InvestorRoom.tsx,integration-backed-review,True,True,False,False,True,False,False,False,True
InvoiceDetails,client/src/pages/InvoiceDetails.tsx,interactive-review,True,False,False,False,False,True,False,False,False
InvoiceManagement,client/src/pages/InvoiceManagement.tsx,interactive-review,True,False,False,False,False,True,True,False,False
KYCVerification,client/src/pages/KYCVerification.tsx,truthfully-gated,True,False,False,False,False,False,True,False,False
KnowledgeBase,client/src/pages/KnowledgeBase.tsx,interactive-review,True,False,False,False,False,True,True,False,False
LDAPIntegration,client/src/pages/LDAPIntegration.tsx,interactive-review,True,False,False,False,False,True,True,False,False
LTVAnalysis,client/src/pages/LTVAnalysis.tsx,interactive-review,True,False,False,False,False,True,True,False,False
LandingPage,client/src/pages/LandingPage.tsx,truthfully-gated,True,False,False,False,False,False,True,False,True
LanguageExchangeAdmin,client/src/pages/LanguageExchangeAdmin.tsx,interactive-review,True,False,False,False,False,True,True,False,False
LanguagePartnerDiscovery,client/src/pages/LanguagePartnerDiscovery.tsx,integration-backed-review,True,True,False,True,True,True,True,False,False
LanguageSelector,client/src/pages/LanguageSelector.tsx,truthfully-gated,True,False,False,False,False,False,True,False,False
LanguageSettings,client/src/pages/LanguageSettings.tsx,interactive-review,True,False,False,False,False,True,True,False,False
LeadScoring,client/src/pages/LeadScoring.tsx,interactive-review,True,False,False,False,False,True,True,False,False
Leaderboard,client/src/pages/Leaderboard.tsx,integration-backed-review,True,True,False,False,True,False,False,False,False
Leaderboards,client/src/pages/Leaderboards.tsx,interactive-review,True,False,False,False,False,True,True,False,False
Learning,client/src/pages/Learning.tsx,static-review,True,False,False,False,False,False,False,False,False
LearningPath,client/src/pages/LearningPath.tsx,interactive-review,True,False,False,False,False,True,True,False,False
LegalDocuments,client/src/pages/LegalDocuments.tsx,interactive-review,True,False,False,False,False,True,True,False,False
LegendaryStatus,client/src/pages/LegendaryStatus.tsx,integration-backed-review,True,True,False,False,True,False,False,False,False
LendingBorrow,client/src/pages/LendingBorrow.tsx,static-review,True,False,False,False,False,False,False,False,False
LendingBorrowing,client/src/pages/LendingBorrowing.tsx,truthfully-gated,True,False,False,False,False,False,True,False,False
LessonEditor,client/src/pages/LessonEditor.tsx,interactive-review,True,False,False,False,False,True,True,False,False
LifeCommand,client/src/pages/LifeCommand.tsx,integration-backed-review,True,True,False,False,True,True,False,False,False
Lightbox,client/src/pages/Lightbox.tsx,interactive-review,True,False,False,False,False,True,False,False,False
LikeReactionSystem,client/src/pages/LikeReactionSystem.tsx,interactive-review,True,False,False,False,False,True,False,False,False
Likes,client/src/pages/Likes.tsx,static-review,True,False,False,False,False,False,False,False,False
LiquidStaking,client/src/pages/LiquidStaking.tsx,truthfully-gated,True,False,False,False,False,False,True,False,False
LiquidityPools,client/src/pages/LiquidityPools.tsx,static-review,True,False,False,False,False,False,False,False,False
ListView,client/src/pages/ListView.tsx,interactive-review,True,False,False,False,False,True,False,False,False
Live,client/src/pages/Live.tsx,interactive-review,True,False,False,False,False,True,True,False,False
LiveChat,client/src/pages/LiveChat.tsx,interactive-review,True,False,False,False,False,True,True,False,False
LiveGifting,client/src/pages/LiveGifting.tsx,interactive-review,True,False,False,False,False,True,False,False,True
LiveReactions,client/src/pages/LiveReactions.tsx,interactive-review,True,False,False,False,False,True,True,False,False
LiveStreamSetup,client/src/pages/LiveStreamSetup.tsx,interactive-review,True,False,False,False,False,True,True,False,False
LiveStreaming,client/src/pages/LiveStreaming.tsx,static-review,True,False,False,False,False,False,False,False,False
LivestreamDashboard,client/src/pages/LivestreamDashboard.tsx,interactive-review,True,False,False,False,False,True,True,False,False
LoadBalancing,client/src/pages/LoadBalancing.tsx,static-review,True,False,False,False,False,False,False,False,False
LoadingDialog,client/src/pages/LoadingDialog.tsx,interactive-review,True,False,False,False,False,True,False,False,False
LogViewer,client/src/pages/LogViewer.tsx,static-review,True,False,False,False,False,False,False,False,False
Login,client/src/pages/Login.tsx,interactive-review,True,False,False,False,False,True,False,False,False
LogisticsOptimizer,client/src/pages/LogisticsOptimizer.tsx,interactive-review,True,False,False,False,False,True,False,False,True
MLInsights,client/src/pages/MLInsights.tsx,interactive-review,True,False,False,False,False,True,True,False,False
MLModels,client/src/pages/MLModels.tsx,interactive-review,True,False,False,False,False,True,True,False,False
MailingLists,client/src/pages/MailingLists.tsx,interactive-review,True,False,False,False,False,True,True,False,False
MainDashboard,client/src/pages/MainDashboard.tsx,interactive-review,True,False,False,False,False,True,False,False,False
MaintenanceMode,client/src/pages/MaintenanceMode.tsx,interactive-review,True,False,False,False,False,True,False,False,False
MapView,client/src/pages/MapView.tsx,interactive-review,True,False,False,False,False,True,False,False,False
MarginTrading,client/src/pages/MarginTrading.tsx,static-review,True,False,False,False,False,False,False,False,False
MarkdownRendering,client/src/pages/MarkdownRendering.tsx,truthfully-gated,True,False,False,False,False,False,True,False,False
MarketSentiment,client/src/pages/MarketSentiment.tsx,truthfully-gated,True,False,False,False,False,False,True,False,False
MarketingROI,client/src/pages/MarketingROI.tsx,truthfully-gated,True,False,False,False,False,False,True,False,False
Marketplace,client/src/pages/Marketplace.tsx,truthfully-gated,True,False,False,False,False,False,True,False,False
MarketplaceAnalytics,client/src/pages/MarketplaceAnalytics.tsx,interactive-review,True,False,False,False,False,True,True,False,False
MasterArchitecture,client/src/pages/MasterArchitecture.tsx,interactive-review,True,False,False,False,False,True,False,False,False
MatchChat,client/src/pages/MatchChat.tsx,interactive-review,True,False,False,False,False,True,True,False,False
MatchFeed,client/src/pages/MatchFeed.tsx,interactive-review,True,False,False,False,False,True,True,False,False
MatchSpace,client/src/pages/MatchSpace.tsx,interactive-review,True,False,False,False,False,True,False,False,False
MatchingAlgorithm,client/src/pages/MatchingAlgorithm.tsx,truthfully-gated,True,False,False,False,False,False,True,False,False
Matchmaking,client/src/pages/Matchmaking.tsx,truthfully-gated,True,False,False,False,False,False,True,False,False
MealPlans,client/src/pages/MealPlans.tsx,interactive-review,True,False,False,False,False,True,True,False,False
MediaCarousel,client/src/pages/MediaCarousel.tsx,interactive-review,True,False,False,False,False,True,False,False,False
MediaGallery,client/src/pages/MediaGallery.tsx,interactive-review,True,False,False,False,False,True,True,False,False
MedicationReminder,client/src/pages/MedicationReminder.tsx,interactive-review,True,False,False,False,False,True,True,False,False
MegaMarketplace,client/src/pages/MegaMarketplace.tsx,truthfully-gated,True,False,False,False,False,False,True,False,False
MembershipTiers,client/src/pages/MembershipTiers.tsx,interactive-review,True,False,False,False,False,True,True,False,False
MemoryConstellation,client/src/pages/MemoryConstellation.tsx,integration-backed-review,True,True,False,False,True,True,False,False,False
MemoryGraphVisualizer,client/src/pages/MemoryGraphVisualizer.tsx,integration-backed-review,True,True,False,False,True,True,False,False,False
MemorySystem,client/src/pages/MemorySystem.tsx,interactive-review,True,False,False,False,False,True,True,False,False
Mentions,client/src/pages/Mentions.tsx,static-review,True,False,False,False,False,False,False,False,False
MessageEncryption,client/src/pages/MessageEncryption.tsx,truthfully-gated,True,False,False,False,False,False,True,False,False
MessageSearch,client/src/pages/MessageSearch.tsx,truthfully-gated,True,False,False,False,False,False,True,False,False
Messages,client/src/pages/Messages.tsx,truthfully-gated,True,False,False,False,False,False,True,False,False
MetaversePortal,client/src/pages/MetaversePortal.tsx,truthfully-gated,True,False,False,False,False,False,True,False,False
MilestoneTracking,client/src/pages/MilestoneTracking.tsx,interactive-review,True,False,False,False,False,True,True,False,False
MinerDashboard,client/src/pages/MinerDashboard.tsx,static-review,True,False,False,False,False,False,False,False,False
MiningCalculator,client/src/pages/MiningCalculator.tsx,truthfully-gated,True,False,False,False,False,False,True,False,False
MiningDashboard,client/src/pages/MiningDashboard.tsx,integration-backed-review,True,False,True,False,False,True,False,False,False
MiningPoolSelector,client/src/pages/MiningPoolSelector.tsx,truthfully-gated,True,False,False,False,False,False,True,False,False
MissionControl,client/src/pages/MissionControl.tsx,static-review,True,False,False,False,False,False,False,False,False
Mobile,client/src/pages/Mobile.tsx,static-review,True,False,False,False,False,False,False,False,True
MobileApp,client/src/pages/MobileApp.tsx,interactive-review,True,False,False,False,False,True,True,False,False
MobileGaming,client/src/pages/MobileGaming.tsx,interactive-review,True,False,False,False,False,True,True,False,False
MobileHome,client/src/pages/MobileHome.tsx,interactive-review,True,False,False,False,False,True,True,False,False
MobileMenu,client/src/pages/MobileMenu.tsx,interactive-review,True,False,False,False,False,True,True,False,False
MobileMessages,client/src/pages/MobileMessages.tsx,interactive-review,True,False,False,False,False,True,True,False,False
MobileNotifications,client/src/pages/MobileNotifications.tsx,interactive-review,True,False,False,False,False,True,True,False,False
MobileProfile,client/src/pages/MobileProfile.tsx,interactive-review,True,False,False,False,False,True,True,False,False
MobileSearch,client/src/pages/MobileSearch.tsx,interactive-review,True,False,False,False,False,True,True,False,False
MobileSettings,client/src/pages/MobileSettings.tsx,interactive-review,True,False,False,False,False,True,True,False,False
MobileShop,client/src/pages/MobileShop.tsx,interactive-review,True,False,False,False,False,True,True,False,False
MobileStreaming,client/src/pages/MobileStreaming.tsx,interactive-review,True,False,False,False,False,True,True,False,False
MobileTrading,client/src/pages/MobileTrading.tsx,interactive-review,True,False,False,False,False,True,True,False,False
MobileWallet,client/src/pages/MobileWallet.tsx,interactive-review,True,False,False,False,False,True,True,False,False
ModerationDashboard,client/src/pages/ModerationDashboard.tsx,interactive-review,True,False,False,False,False,True,True,False,False
Monetization,client/src/pages/Monetization.tsx,static-review,True,False,False,False,False,False,False,False,False
MoodTracker,client/src/pages/MoodTracker.tsx,interactive-review,True,False,False,False,False,True,True,False,False
MortgageCalculator,client/src/pages/MortgageCalculator.tsx,interactive-review,True,False,False,False,False,True,True,False,False
MovieCatalog,client/src/pages/MovieCatalog.tsx,interactive-review,True,False,False,False,False,True,True,False,False
MovieDetail,client/src/pages/MovieDetail.tsx,interactive-review,True,False,False,False,False,True,True,False,False
MultiModelSelector,client/src/pages/MultiModelSelector.tsx,truthfully-gated,True,False,False,False,False,False,True,False,False
MultiSelectForm,client/src/pages/MultiSelectForm.tsx,interactive-review,True,False,False,False,False,True,False,False,False
MultiplayerLobby,client/src/pages/MultiplayerLobby.tsx,interactive-review,True,False,False,False,False,True,True,False,False
MultivariateTesting,client/src/pages/MultivariateTesting.tsx,interactive-review,True,False,False,False,False,True,True,False,False
MusicGeneration,client/src/pages/MusicGeneration.tsx,truthfully-gated,True,False,False,False,False,False,True,False,False
MutualConnections,client/src/pages/MutualConnections.tsx,interactive-review,True,False,False,False,False,True,True,False,False
MutualFriends,client/src/pages/MutualFriends.tsx,static-review,True,False,False,False,False,False,False,False,False
MyLearning,client/src/pages/MyLearning.tsx,interactive-review,True,False,False,False,False,True,True,False,False
MyTrips,client/src/pages/MyTrips.tsx,interactive-review,True,False,False,False,False,True,True,False,False
NFTGallery,client/src/pages/NFTGallery.tsx,truthfully-gated,True,False,False,False,False,False,True,False,False
NFTMinting,client/src/pages/NFTMinting.tsx,interactive-review,True,False,False,False,False,True,True,False,False
NFTWallet,client/src/pages/NFTWallet.tsx,interactive-review,True,False,False,False,False,True,False,False,False
NLPTools,client/src/pages/NLPTools.tsx,interactive-review,True,False,False,False,False,True,True,False,False
NSFWFeed,client/src/pages/NSFWFeed.tsx,interactive-review,True,False,False,False,False,True,True,False,True
NSFWPlatform,client/src/pages/NSFWPlatform.tsx,interactive-review,True,False,False,False,False,True,False,False,True
NarrativeEngine,client/src/pages/NarrativeEngine.tsx,interactive-review,True,False,False,False,False,True,False,False,True
NetWorthTracker,client/src/pages/NetWorthTracker.tsx,interactive-review,True,False,False,False,False,True,True,False,False
NetworkGraph,client/src/pages/NetworkGraph.tsx,interactive-review,True,False,False,False,False,True,True,False,False
NetworkHealth,client/src/pages/NetworkHealth.tsx,truthfully-gated,True,False,False,False,False,False,True,False,False
NetworkStatistics,client/src/pages/NetworkStatistics.tsx,truthfully-gated,True,False,False,False,False,False,True,False,False
NotFound,client/src/pages/NotFound.tsx,interactive-review,True,False,False,False,False,True,False,False,False
NotesApp,client/src/pages/NotesApp.tsx,interactive-review,True,False,False,False,False,True,True,False,False
NotificationCenter,client/src/pages/NotificationCenter.tsx,static-review,True,False,False,False,False,False,False,False,False
NotificationHistory,client/src/pages/NotificationHistory.tsx,interactive-review,True,False,False,False,False,True,False,False,False
NotificationIntelligence,client/src/pages/NotificationIntelligence.tsx,integration-backed-review,True,True,False,True,True,True,False,False,False
NotificationPreferences,client/src/pages/NotificationPreferences.tsx,interactive-review,True,False,False,False,False,True,True,False,False
NotificationSettings,client/src/pages/NotificationSettings.tsx,interactive-review,True,False,False,False,False,True,False,False,False
Notifications,client/src/pages/Notifications.tsx,static-review,True,False,False,False,False,False,False,False,False
NotificationsCenter,client/src/pages/NotificationsCenter.tsx,interactive-review,True,False,False,False,False,True,False,False,False
NotificationsHub,client/src/pages/NotificationsHub.tsx,truthfully-gated,True,False,False,False,False,False,True,False,False
NumberInputForm,client/src/pages/NumberInputForm.tsx,interactive-review,True,False,False,False,False,True,False,False,False
NutritionTracker,client/src/pages/NutritionTracker.tsx,interactive-review,True,False,False,False,False,True,True,False,False
OAuthProviders,client/src/pages/OAuthProviders.tsx,interactive-review,True,False,False,False,False,True,True,False,False
OfferManagement,client/src/pages/OfferManagement.tsx,interactive-review,True,False,False,False,False,True,True,False,False
Onboarding,client/src/pages/Onboarding.tsx,interactive-review,True,False,False,False,False,True,False,False,False
OnboardingTutorial,client/src/pages/OnboardingTutorial.tsx,interactive-review,True,False,False,False,False,True,False,False,False
OptionsTrading,client/src/pages/OptionsTrading.tsx,truthfully-gated,True,False,False,False,False,False,True,False,False
OracleNetwork,client/src/pages/OracleNetwork.tsx,truthfully-gated,True,False,False,False,False,False,True,False,False
OrderBook,client/src/pages/OrderBook.tsx,truthfully-gated,True,False,False,False,False,False,True,False,False
OrderConfirmation,client/src/pages/OrderConfirmation.tsx,interactive-review,True,False,False,False,False,True,False,False,False
OrderHistory,client/src/pages/OrderHistory.tsx,integration-backed-review,True,True,False,False,True,True,True,False,False
OrderPlacement,client/src/pages/OrderPlacement.tsx,truthfully-gated,True,False,False,False,False,False,True,False,False
OrderTracking,client/src/pages/OrderTracking.tsx,interactive-review,True,False,False,False,False,True,True,False,False
OrderTypes,client/src/pages/OrderTypes.tsx,truthfully-gated,True,False,False,False,False,False,True,False,False
OrganizationSettings,client/src/pages/OrganizationSettings.tsx,interactive-review,True,False,False,False,False,True,True,False,False
P2EShop,client/src/pages/P2EShop.tsx,truthfully-gated,True,False,False,False,False,False,True,False,False
Pagination,client/src/pages/Pagination.tsx,interactive-review,True,False,False,False,False,True,False,False,False
PasswordInputForm,client/src/pages/PasswordInputForm.tsx,interactive-review,True,False,False,False,False,True,False,False,False
PasswordReset,client/src/pages/PasswordReset.tsx,interactive-review,True,False,False,False,False,True,False,False,False
PayPalIntegration,client/src/pages/PayPalIntegration.tsx,interactive-review,True,False,False,False,False,True,True,False,False
PaymentConfirmation,client/src/pages/PaymentConfirmation.tsx,interactive-review,True,False,False,False,False,True,False,False,False
PaymentInfra,client/src/pages/PaymentInfra.tsx,interactive-review,True,False,False,False,False,True,False,False,True
PaymentMethods,client/src/pages/PaymentMethods.tsx,interactive-review,True,False,False,False,False,True,False,False,False
PaymentSetup,client/src/pages/PaymentSetup.tsx,interactive-review,True,False,False,False,False,True,False,False,False
Payments,client/src/pages/Payments.tsx,truthfully-gated,True,False,False,False,False,False,True,False,False
PayoutDashboard,client/src/pages/PayoutDashboard.tsx,truthfully-gated,True,False,False,False,False,False,True,False,False
PayoutManagement,client/src/pages/PayoutManagement.tsx,interactive-review,True,False,False,False,False,True,True,False,False
PerformanceMetrics,client/src/pages/PerformanceMetrics.tsx,interactive-review,True,False,False,False,False,True,True,False,False
PerformanceTuning,client/src/pages/PerformanceTuning.tsx,static-review,True,False,False,False,False,False,False,False,False
PermissionManagement,client/src/pages/PermissionManagement.tsx,static-review,True,False,False,False,False,False,False,False,False
PerpetualFutures,client/src/pages/PerpetualFutures.tsx,truthfully-gated,True,False,False,False,False,False,True,False,False
PersonaBuilder,client/src/pages/PersonaBuilder.tsx,interactive-review,True,False,False,False,False,True,True,False,False
Phase1Dashboard,client/src/pages/Phase1Dashboard.tsx,static-review,True,False,False,False,False,False,False,False,False
Phase2to4Dashboard,client/src/pages/Phase2to4Dashboard.tsx,static-review,True,False,False,False,False,False,False,False,True
PhoneVerification,client/src/pages/PhoneVerification.tsx,interactive-review,True,False,False,False,False,True,False,False,False
PlatformMap,client/src/pages/PlatformMap.tsx,interactive-review,True,False,False,False,False,True,True,False,True
PlatformStatus,client/src/pages/PlatformStatus.tsx,static-review,True,False,False,False,False,False,False,False,False
PlaylistManagement,client/src/pages/PlaylistManagement.tsx,static-review,True,False,False,False,False,False,False,False,False
PlaylistManager,client/src/pages/PlaylistManager.tsx,interactive-review,True,False,False,False,False,True,True,False,False
PodcastStudio,client/src/pages/PodcastStudio.tsx,interactive-review,True,False,False,False,False,True,True,False,False
PolicyManagement,client/src/pages/PolicyManagement.tsx,interactive-review,True,False,False,False,False,True,True,False,False
PoolPerformance,client/src/pages/PoolPerformance.tsx,truthfully-gated,True,False,False,False,False,False,True,False,False
Portfolio,client/src/pages/Portfolio.tsx,truthfully-gated,True,False,False,False,False,False,True,False,False
PortfolioComparison,client/src/pages/PortfolioComparison.tsx,truthfully-gated,True,False,False,False,False,False,True,False,False
PortfolioOptimization,client/src/pages/PortfolioOptimization.tsx,truthfully-gated,True,False,False,False,False,False,True,False,False
PortfolioOverview,client/src/pages/PortfolioOverview.tsx,truthfully-gated,True,False,False,False,False,False,True,False,False
PortfolioRebalance,client/src/pages/PortfolioRebalance.tsx,static-review,True,False,False,False,False,False,False,False,False
PortfolioTracker,client/src/pages/PortfolioTracker.tsx,static-review,True,False,False,False,False,False,False,False,False
PortfolioTracking,client/src/pages/PortfolioTracking.tsx,truthfully-gated,True,False,False,False,False,False,True,False,False
PositionManagement,client/src/pages/PositionManagement.tsx,truthfully-gated,True,False,False,False,False,False,True,False,False
PowerUserTools,client/src/pages/PowerUserTools.tsx,integration-backed-review,True,True,False,False,True,True,False,False,False
PracticeSessions,client/src/pages/PracticeSessions.tsx,integration-backed-review,True,True,False,True,True,True,True,False,False
PredictiveAnalytics,client/src/pages/PredictiveAnalytics.tsx,interactive-review,True,False,False,False,False,True,True,False,False
PredictiveModels,client/src/pages/PredictiveModels.tsx,interactive-review,True,False,False,False,False,True,True,False,False
PredictiveSystems,client/src/pages/PredictiveSystems.tsx,integration-backed-review,True,True,False,False,True,True,False,False,False
PreferencesSetup,client/src/pages/PreferencesSetup.tsx,interactive-review,True,False,False,False,False,True,False,False,False
PremiumFeatures,client/src/pages/PremiumFeatures.tsx,truthfully-gated,True,False,False,False,False,False,True,False,False
PresentationWithChat,client/src/pages/PresentationWithChat.tsx,interactive-review,True,False,False,False,False,True,True,False,True
PriceAlerts,client/src/pages/PriceAlerts.tsx,truthfully-gated,True,False,False,False,False,False,True,False,True
Pricing,client/src/pages/Pricing.tsx,truthfully-gated,True,False,False,False,False,False,True,False,False
PricingEngine,client/src/pages/PricingEngine.tsx,interactive-review,True,False,False,False,False,True,False,False,True
PricingManagement,client/src/pages/PricingManagement.tsx,truthfully-gated,True,False,False,False,False,False,True,False,False
PricingRules,client/src/pages/PricingRules.tsx,interactive-review,True,False,False,False,False,True,True,False,False
PriorityMatrix,client/src/pages/PriorityMatrix.tsx,interactive-review,True,False,False,False,False,True,True,False,False
PrivacyMixer,client/src/pages/PrivacyMixer.tsx,truthfully-gated,True,False,False,False,False,False,True,False,False
PrivacyPolicy,client/src/pages/PrivacyPolicy.tsx,interactive-review,True,False,False,False,False,True,True,False,False
PrivacySettings,client/src/pages/PrivacySettings.tsx,static-review,True,False,False,False,False,False,False,False,False
PrivacyVault,client/src/pages/PrivacyVault.tsx,interactive-review,True,False,False,False,False,True,True,False,False
ProductApproval,client/src/pages/ProductApproval.tsx,interactive-review,True,False,False,False,False,True,True,False,False
ProductBrain,client/src/pages/ProductBrain.tsx,interactive-review,True,False,False,False,False,True,False,False,False
ProductCatalog,client/src/pages/ProductCatalog.tsx,interactive-review,True,False,False,False,False,True,True,False,False
ProductComparison,client/src/pages/ProductComparison.tsx,interactive-review,True,False,False,False,False,True,True,False,False
ProductDetail,client/src/pages/ProductDetail.tsx,interactive-review,True,False,False,False,False,True,True,False,False
ProductListing,client/src/pages/ProductListing.tsx,interactive-review,True,False,False,False,False,True,True,False,False
ProductListings,client/src/pages/ProductListings.tsx,truthfully-gated,True,False,False,False,False,False,True,False,False
ProductReviews,client/src/pages/ProductReviews.tsx,interactive-review,True,False,False,False,False,True,True,False,False
ProductionArchitecture,client/src/pages/ProductionArchitecture.tsx,static-review,True,False,False,False,False,False,False,False,False
Profile,client/src/pages/Profile.tsx,truthfully-gated,True,False,False,False,False,False,True,False,False
ProfileCompletion,client/src/pages/ProfileCompletion.tsx,interactive-review,True,False,False,False,False,True,False,False,False
ProfileCreation,client/src/pages/ProfileCreation.tsx,truthfully-gated,True,False,False,False,False,False,True,False,False
ProfileCustomization,client/src/pages/ProfileCustomization.tsx,truthfully-gated,True,False,False,False,False,False,True,False,False
ProfileDashboard,client/src/pages/ProfileDashboard.tsx,interactive-review,True,False,False,False,False,True,False,False,False
ProfileEdit,client/src/pages/ProfileEdit.tsx,integration-backed-review,True,True,False,True,False,True,True,False,False
ProfilePicture,client/src/pages/ProfilePicture.tsx,interactive-review,True,False,False,False,False,True,False,False,False
ProfilePreview,client/src/pages/ProfilePreview.tsx,interactive-review,True,False,False,False,False,True,False,False,False
ProfileView,client/src/pages/ProfileView.tsx,truthfully-gated,True,False,False,False,False,False,True,False,False
ProfileWallet,client/src/pages/ProfileWallet.tsx,integration-backed-review,True,True,False,False,True,True,True,False,False
Profitability,client/src/pages/Profitability.tsx,truthfully-gated,True,False,False,False,False,False,True,False,False
ProgressBar,client/src/pages/ProgressBar.tsx,interactive-review,True,False,False,False,False,True,False,False,False
ProgressTracking,client/src/pages/ProgressTracking.tsx,integration-backed-review,True,True,False,False,True,True,True,False,False
ProjectBoard,client/src/pages/ProjectBoard.tsx,interactive-review,True,False,False,False,False,True,True,False,False
ProjectListing,client/src/pages/ProjectListing.tsx,truthfully-gated,True,False,False,False,False,False,True,False,False
PromotionEngine,client/src/pages/PromotionEngine.tsx,interactive-review,True,False,False,False,False,True,True,False,False
PromptBuilder,client/src/pages/PromptBuilder.tsx,truthfully-gated,True,False,False,False,False,False,True,False,False
ProofVault,client/src/pages/ProofVault.tsx,integration-backed-review,True,True,False,False,True,False,False,False,False
PropertyComparison,client/src/pages/PropertyComparison.tsx,interactive-review,True,False,False,False,False,True,True,False,False
PropertyDetail,client/src/pages/PropertyDetail.tsx,interactive-review,True,False,False,False,False,True,True,False,False
PropertyListing,client/src/pages/PropertyListing.tsx,interactive-review,True,False,False,False,False,True,True,False,False
PropertyTransfer,client/src/pages/PropertyTransfer.tsx,interactive-review,True,False,False,False,False,True,True,False,False
ProtocolLayer,client/src/pages/ProtocolLayer.tsx,interactive-review,True,False,False,False,False,True,False,False,True
PublishingQueue,client/src/pages/PublishingQueue.tsx,static-review,True,False,False,False,False,False,False,False,False
PublishingSchedule,client/src/pages/PublishingSchedule.tsx,interactive-review,True,False,False,False,False,True,True,False,False
PushNotifications,client/src/pages/PushNotifications.tsx,interactive-review,True,False,False,False,False,True,True,False,False
QRCodeGenerator,client/src/pages/QRCodeGenerator.tsx,interactive-review,True,False,False,False,False,True,False,False,False
QuantumComputing,client/src/pages/QuantumComputing.tsx,truthfully-gated,True,False,False,False,False,False,True,False,False
QuantumSafe,client/src/pages/QuantumSafe.tsx,truthfully-gated,True,False,False,False,False,False,True,False,False
QuickActions,client/src/pages/QuickActions.tsx,interactive-review,True,False,False,False,False,True,False,False,False
QuickStats,client/src/pages/QuickStats.tsx,interactive-review,True,False,False,False,False,True,False,False,False
QuizBuilder,client/src/pages/QuizBuilder.tsx,interactive-review,True,False,False,False,False,True,True,False,False
RFMAnalysis,client/src/pages/RFMAnalysis.tsx,interactive-review,True,False,False,False,False,True,True,False,False
RFQSystem,client/src/pages/RFQSystem.tsx,truthfully-gated,True,False,False,False,False,False,True,False,False
RadioButtonForm,client/src/pages/RadioButtonForm.tsx,interactive-review,True,False,False,False,False,True,False,False,False
RateLimitConfig,client/src/pages/RateLimitConfig.tsx,interactive-review,True,False,False,False,False,True,True,False,False
RateLimitDashboard,client/src/pages/RateLimitDashboard.tsx,integration-backed-review,True,True,False,False,True,True,True,False,False
RateLimitError,client/src/pages/RateLimitError.tsx,interactive-review,True,False,False,False,False,True,False,False,False
RateLimiting,client/src/pages/RateLimiting.tsx,interactive-review,True,False,False,False,False,True,True,False,False
RatingSystem,client/src/pages/RatingSystem.tsx,interactive-review,True,False,False,False,False,True,False,False,False
ReadReceipts,client/src/pages/ReadReceipts.tsx,truthfully-gated,True,False,False,False,False,False,True,False,False
RealTimeGameEngine,client/src/pages/RealTimeGameEngine.tsx,truthfully-gated,True,False,False,False,False,False,True,False,False
RealTimeMonitoring,client/src/pages/RealTimeMonitoring.tsx,interactive-review,True,False,False,False,False,True,True,False,False
RealTimeStreaming,client/src/pages/RealTimeStreaming.tsx,truthfully-gated,True,False,False,False,False,False,True,False,False
RebalancingTools,client/src/pages/RebalancingTools.tsx,truthfully-gated,True,False,False,False,False,False,True,False,False
ReceiptDownload,client/src/pages/ReceiptDownload.tsx,interactive-review,True,False,False,False,False,True,False,False,False
ReceiveCrypto,client/src/pages/ReceiveCrypto.tsx,interactive-review,True,False,False,False,False,True,False,False,False
RecentActivity,client/src/pages/RecentActivity.tsx,interactive-review,True,False,False,False,False,True,False,False,False
Recommendations,client/src/pages/Recommendations.tsx,static-review,True,False,False,False,False,False,False,False,False
RecommendationsFeed,client/src/pages/RecommendationsFeed.tsx,interactive-review,True,False,False,False,False,True,False,False,False
RecommendedMatches,client/src/pages/RecommendedMatches.tsx,truthfully-gated,True,False,False,False,False,False,True,False,False
Reels,client/src/pages/Reels.tsx,integration-backed-review,True,True,False,True,True,True,False,False,False
RefactoringTools,client/src/pages/RefactoringTools.tsx,truthfully-gated,True,False,False,False,False,False,True,False,False
Referrals,client/src/pages/Referrals.tsx,interactive-review,True,False,False,False,False,True,True,False,False
RefundRequests,client/src/pages/RefundRequests.tsx,interactive-review,True,False,False,False,False,True,False,False,False
RegionalSettings,client/src/pages/RegionalSettings.tsx,interactive-review,True,False,False,False,False,True,True,False,False
Reminders,client/src/pages/Reminders.tsx,interactive-review,True,False,False,False,False,True,True,False,False
ReportDialog,client/src/pages/ReportDialog.tsx,interactive-review,True,False,False,False,False,True,False,False,False
ReportUser,client/src/pages/ReportUser.tsx,interactive-review,True,False,False,False,False,True,False,False,False
ReportsDashboard,client/src/pages/ReportsDashboard.tsx,interactive-review,True,False,False,False,False,True,False,False,False
Reputation,client/src/pages/Reputation.tsx,truthfully-gated,True,False,False,False,False,False,True,False,False
ReputationSystem,client/src/pages/ReputationSystem.tsx,interactive-review,True,False,False,False,False,True,False,False,False
ResourceAllocation,client/src/pages/ResourceAllocation.tsx,interactive-review,True,False,False,False,False,True,True,False,False
ResourceLibrary,client/src/pages/ResourceLibrary.tsx,interactive-review,True,False,False,False,False,True,True,False,False
ResponseTime,client/src/pages/ResponseTime.tsx,interactive-review,True,False,False,False,False,True,True,False,False
Retention,client/src/pages/Retention.tsx,integration-backed-review,True,True,False,True,True,True,False,False,False
RetentionAnalytics,client/src/pages/RetentionAnalytics.tsx,interactive-review,True,False,False,False,False,True,True,False,False
RetentionEngine,client/src/pages/RetentionEngine.tsx,interactive-review,True,False,False,False,False,True,False,False,True
RetirementPlanner,client/src/pages/RetirementPlanner.tsx,interactive-review,True,False,False,False,False,True,True,False,False
ReturnManagement,client/src/pages/ReturnManagement.tsx,interactive-review,True,False,False,False,False,True,True,False,False
ReturnsRefunds,client/src/pages/ReturnsRefunds.tsx,interactive-review,True,False,False,False,False,True,False,False,False
RevenueTracking,client/src/pages/RevenueTracking.tsx,static-review,True,False,False,False,False,False,False,False,False
ReviewModeration,client/src/pages/ReviewModeration.tsx,interactive-review,True,False,False,False,False,True,True,False,False
Reviews,client/src/pages/Reviews.tsx,interactive-review,True,False,False,False,False,True,True,False,False
ReviewsRatings,client/src/pages/ReviewsRatings.tsx,interactive-review,True,False,False,False,False,True,False,False,False
RewardSystem,client/src/pages/RewardSystem.tsx,truthfully-gated,True,False,False,False,False,False,True,False,False
RewardsMonitoring,client/src/pages/RewardsMonitoring.tsx,truthfully-gated,True,False,False,False,False,False,True,False,False
RewardsTracking,client/src/pages/RewardsTracking.tsx,truthfully-gated,True,False,False,False,False,False,True,False,False
RiskAnalysis,client/src/pages/RiskAnalysis.tsx,truthfully-gated,True,False,False,False,False,False,True,False,False
RiskManagement,client/src/pages/RiskManagement.tsx,static-review,True,False,False,False,False,False,False,False,False
Roadmap,client/src/pages/Roadmap.tsx,interactive-review,True,False,False,False,False,True,True,False,False
RoadmapView,client/src/pages/RoadmapView.tsx,interactive-review,True,False,False,False,False,True,True,False,False
RoleBasedAccess,client/src/pages/RoleBasedAccess.tsx,truthfully-gated,True,False,False,False,False,False,True,False,False
RoleManagement,client/src/pages/RoleManagement.tsx,static-review,True,False,False,False,False,False,False,False,False
SDKDownload,client/src/pages/SDKDownload.tsx,interactive-review,True,False,False,False,False,True,True,False,False
SDKManagement,client/src/pages/SDKManagement.tsx,interactive-review,True,False,False,False,False,True,True,False,False
SEOOptimizer,client/src/pages/SEOOptimizer.tsx,interactive-review,True,False,False,False,False,True,True,False,False
SKY444CentralBank,client/src/pages/SKY444CentralBank.tsx,truthfully-gated,True,False,False,False,False,False,True,False,True
SMSCampaigns,client/src/pages/SMSCampaigns.tsx,interactive-review,True,False,False,False,False,True,True,False,False
SMSIntegration,client/src/pages/SMSIntegration.tsx,interactive-review,True,False,False,False,False,True,True,False,False
SMSTemplates,client/src/pages/SMSTemplates.tsx,interactive-review,True,False,False,False,False,True,False,False,False
SMTPSettings,client/src/pages/SMTPSettings.tsx,static-review,True,False,False,False,False,False,False,False,False
SOC2,client/src/pages/SOC2.tsx,interactive-review,True,False,False,False,False,True,True,False,False
SSLCertificates,client/src/pages/SSLCertificates.tsx,static-review,True,False,False,False,False,False,False,False,False
SSO,client/src/pages/SSO.tsx,interactive-review,True,False,False,False,False,True,True,False,False
SalesAnalytics,client/src/pages/SalesAnalytics.tsx,interactive-review,True,False,False,False,False,True,True,False,False
SalesforceIntegration,client/src/pages/SalesforceIntegration.tsx,interactive-review,True,False,False,False,False,True,True,False,False
SatisfactionSurvey,client/src/pages/SatisfactionSurvey.tsx,interactive-review,True,False,False,False,False,True,True,False,False
SavedProperties,client/src/pages/SavedProperties.tsx,interactive-review,True,False,False,False,False,True,True,False,False
SavedSearches,client/src/pages/SavedSearches.tsx,interactive-review,True,False,False,False,False,True,True,False,False
SavingsGoals,client/src/pages/SavingsGoals.tsx,interactive-review,True,False,False,False,False,True,True,False,False
ScheduledJobs,client/src/pages/ScheduledJobs.tsx,interactive-review,True,False,False,False,False,True,True,False,False
ScheduledReports,client/src/pages/ScheduledReports.tsx,interactive-review,True,False,False,False,False,True,True,False,False
School,client/src/pages/School.tsx,interactive-review,True,False,False,False,False,True,True,False,True
SchoolCertificate,client/src/pages/SchoolCertificate.tsx,interactive-review,True,False,False,False,False,True,False,False,False
SchoolCourse,client/src/pages/SchoolCourse.tsx,interactive-review,True,False,False,False,False,True,False,False,True
SchoolDashboard,client/src/pages/SchoolDashboard.tsx,static-review,True,False,False,False,False,False,False,False,False
SchoolLesson,client/src/pages/SchoolLesson.tsx,interactive-review,True,False,False,False,False,True,True,False,False
SchoolQuiz,client/src/pages/SchoolQuiz.tsx,interactive-review,True,False,False,False,False,True,False,False,False
Search,client/src/pages/Search.tsx,truthfully-gated,True,False,False,False,False,False,True,False,False
SearchAnalytics,client/src/pages/SearchAnalytics.tsx,interactive-review,True,False,False,False,False,True,False,False,False
SearchHistory,client/src/pages/SearchHistory.tsx,interactive-review,True,False,False,False,False,True,False,False,False
SearchResults,client/src/pages/SearchResults.tsx,interactive-review,True,False,False,False,False,True,False,False,False
SearchSuggestions,client/src/pages/SearchSuggestions.tsx,interactive-review,True,False,False,False,False,True,False,False,False
SeasonalEvents,client/src/pages/SeasonalEvents.tsx,truthfully-gated,True,False,False,False,False,False,True,False,False
Security,client/src/pages/Security.tsx,static-review,True,False,False,False,False,False,False,False,True
SecurityAudit,client/src/pages/SecurityAudit.tsx,static-review,True,False,False,False,False,False,False,False,False
SecurityCompliance,client/src/pages/SecurityCompliance.tsx,interactive-review,True,False,False,False,False,True,False,False,False
SecurityDashboard,client/src/pages/SecurityDashboard.tsx,integration-backed-review,True,True,False,False,True,True,True,False,False
SecuritySettings,client/src/pages/SecuritySettings.tsx,interactive-review,True,False,False,False,False,True,False,False,False
SegmentationAnalysis,client/src/pages/SegmentationAnalysis.tsx,interactive-review,True,False,False,False,False,True,True,False,False
SelectDropdownForm,client/src/pages/SelectDropdownForm.tsx,interactive-review,True,False,False,False,False,True,False,False,False
SelfHealingInfra,client/src/pages/SelfHealingInfra.tsx,integration-backed-review,True,True,False,False,True,True,False,False,False
SellerDashboard,client/src/pages/SellerDashboard.tsx,interactive-review,True,False,False,False,False,True,True,False,False
SellerProfile,client/src/pages/SellerProfile.tsx,interactive-review,True,False,False,False,False,True,False,False,False
SendCrypto,client/src/pages/SendCrypto.tsx,interactive-review,True,False,False,False,False,True,False,False,False
SentimentPipeline,client/src/pages/SentimentPipeline.tsx,interactive-review,True,False,False,False,False,True,False,False,False
ServerHealth,client/src/pages/ServerHealth.tsx,integration-backed-review,True,True,False,False,True,True,False,False,False
ServerInstaller,client/src/pages/ServerInstaller.tsx,integration-backed-review,True,True,False,True,False,True,True,False,True
ServerStatus,client/src/pages/ServerStatus.tsx,interactive-review,True,False,False,False,False,True,False,False,False
Settings,client/src/pages/Settings.tsx,integration-backed-review,True,True,False,True,True,True,True,False,False
SettingsDialog,client/src/pages/SettingsDialog.tsx,interactive-review,True,False,False,False,False,True,False,False,False
SetupWizard,client/src/pages/SetupWizard.tsx,interactive-review,True,False,False,False,False,True,False,False,False
ShadowIdentity,client/src/pages/ShadowIdentity.tsx,integration-backed-review,True,True,False,True,True,True,False,False,False
ShadowRelay,client/src/pages/ShadowRelay.tsx,interactive-review,True,False,False,False,False,True,False,False,False
ShareDialog,client/src/pages/ShareDialog.tsx,interactive-review,True,False,False,False,False,True,False,False,False
Shares,client/src/pages/Shares.tsx,static-review,True,False,False,False,False,False,False,False,False
Sharing,client/src/pages/Sharing.tsx,truthfully-gated,True,False,False,False,False,False,True,False,False
ShippingManagement,client/src/pages/ShippingManagement.tsx,interactive-review,True,False,False,False,False,True,True,False,False
ShoppingCart,client/src/pages/ShoppingCart.tsx,interactive-review,True,False,False,False,False,True,True,False,False
SidebarNavigation,client/src/pages/SidebarNavigation.tsx,interactive-review,True,False,False,False,False,True,False,False,False
SignUp,client/src/pages/SignUp.tsx,interactive-review,True,False,False,False,False,True,True,False,False
SignUpFlow,client/src/pages/SignUpFlow.tsx,interactive-review,True,False,False,False,False,True,True,False,True
SignUp_old,client/src/pages/SignUp_old.tsx,truthfully-gated,True,False,False,False,False,False,True,False,False
Signin,client/src/pages/Signin.tsx,interactive-review,True,False,False,False,False,True,True,False,False
SituationRoom,client/src/pages/SituationRoom.tsx,integration-backed-review,True,True,False,False,True,True,False,False,False
SkillBadges,client/src/pages/SkillBadges.tsx,interactive-review,True,False,False,False,False,True,True,False,False
SkySchool,client/src/pages/SkySchool.tsx,integration-backed-review,True,False,True,False,False,True,True,False,True
SkySchoolAI,client/src/pages/SkySchoolAI.tsx,interactive-review,True,False,False,False,False,True,False,False,True
SkySchoolQuiz,client/src/pages/SkySchoolQuiz.tsx,interactive-review,True,False,False,False,False,True,True,False,False
SkyStore,client/src/pages/SkyStore.tsx,interactive-review,True,False,False,False,False,True,True,False,True
SlackIntegration,client/src/pages/SlackIntegration.tsx,interactive-review,True,False,False,False,False,True,True,False,False
SleepTracking,client/src/pages/SleepTracking.tsx,interactive-review,True,False,False,False,False,True,True,False,False
SlippageProtection,client/src/pages/SlippageProtection.tsx,truthfully-gated,True,False,False,False,False,False,True,False,False
SmartContractAudit,client/src/pages/SmartContractAudit.tsx,interactive-review,True,False,False,False,False,True,True,False,False
SmartContractViewer,client/src/pages/SmartContractViewer.tsx,truthfully-gated,True,False,False,False,False,False,True,False,False
SmartContracts,client/src/pages/SmartContracts.tsx,interactive-review,True,False,False,False,False,True,True,False,False
SocialAnalytics,client/src/pages/SocialAnalytics.tsx,static-review,True,False,False,False,False,False,False,False,False
SocialEvents,client/src/pages/SocialEvents.tsx,static-review,True,False,False,False,False,False,False,False,False
SocialFeed,client/src/pages/SocialFeed.tsx,static-review,True,False,False,False,False,False,False,False,False
SocialFeedV2,client/src/pages/SocialFeedV2.tsx,interactive-review,True,False,False,False,False,True,True,False,False
SocialGraph,client/src/pages/SocialGraph.tsx,integration-backed-review,True,True,False,True,True,True,False,False,False
SocialMedia,client/src/pages/SocialMedia.tsx,truthfully-gated,True,False,False,False,False,False,True,False,False
SocialMediaCampaigns,client/src/pages/SocialMediaCampaigns.tsx,interactive-review,True,False,False,False,False,True,True,False,False
SolanaValidatorSetup,client/src/pages/SolanaValidatorSetup.tsx,truthfully-gated,True,False,False,False,False,False,True,False,False
SortOptions,client/src/pages/SortOptions.tsx,interactive-review,True,False,False,False,False,True,False,False,False
SpeechToText,client/src/pages/SpeechToText.tsx,truthfully-gated,True,False,False,False,False,False,True,False,False
SpinWheel,client/src/pages/SpinWheel.tsx,integration-backed-review,True,True,False,True,True,True,False,False,False
Sponsorships,client/src/pages/Sponsorships.tsx,static-review,True,False,False,False,False,False,False,False,False
StakeDelegation,client/src/pages/StakeDelegation.tsx,truthfully-gated,True,False,False,False,False,False,True,False,False
StakingDashboard,client/src/pages/StakingDashboard.tsx,truthfully-gated,True,False,False,False,False,False,True,False,True
StakingHub,client/src/pages/StakingHub.tsx,truthfully-gated,True,False,False,False,False,False,True,False,True
StakingOptions,client/src/pages/StakingOptions.tsx,truthfully-gated,True,False,False,False,False,False,True,False,False
StakingPortal,client/src/pages/StakingPortal.tsx,truthfully-gated,True,False,False,False,False,False,True,False,True
StatisticsPanel,client/src/pages/StatisticsPanel.tsx,interactive-review,True,False,False,False,False,True,False,False,False
Status,client/src/pages/Status.tsx,interactive-review,True,False,False,False,False,True,True,False,False
StepperWizard,client/src/pages/StepperWizard.tsx,interactive-review,True,False,False,False,False,True,False,False,False
StockChart,client/src/pages/StockChart.tsx,truthfully-gated,True,False,False,False,False,False,True,False,True
StockSearch,client/src/pages/StockSearch.tsx,interactive-review,True,False,False,False,False,True,True,False,False
Stories,client/src/pages/Stories.tsx,integration-backed-review,True,True,False,True,True,True,True,False,False
StreamAnalytics,client/src/pages/StreamAnalytics.tsx,interactive-review,True,False,False,False,False,True,True,False,False
StreamClip,client/src/pages/StreamClip.tsx,interactive-review,True,False,False,False,False,True,True,False,True
StreamGifting,client/src/pages/StreamGifting.tsx,interactive-review,True,False,False,False,False,True,True,False,False
StreamingDashboard,client/src/pages/StreamingDashboard.tsx,static-review,True,False,False,False,False,False,False,False,False
StripeCheckout,client/src/pages/StripeCheckout.tsx,integration-backed-review,True,True,False,True,False,True,True,False,True
StripeIntegration,client/src/pages/StripeIntegration.tsx,interactive-review,True,False,False,False,False,True,True,False,False
StudentProgress,client/src/pages/StudentProgress.tsx,interactive-review,True,False,False,False,False,True,True,False,False
StyleSelector,client/src/pages/StyleSelector.tsx,truthfully-gated,True,False,False,False,False,False,True,False,False
SubscriberManagement,client/src/pages/SubscriberManagement.tsx,static-review,True,False,False,False,False,False,False,False,False
SubscriptionManagement,client/src/pages/SubscriptionManagement.tsx,interactive-review,True,False,False,False,False,True,True,False,False
SubscriptionPlans,client/src/pages/SubscriptionPlans.tsx,truthfully-gated,True,False,False,False,False,False,True,False,False
SubscriptionSetup,client/src/pages/SubscriptionSetup.tsx,truthfully-gated,True,False,False,False,False,False,True,False,False
Subscriptions,client/src/pages/Subscriptions.tsx,truthfully-gated,True,False,False,False,False,False,True,False,False
SuccessDialog,client/src/pages/SuccessDialog.tsx,interactive-review,True,False,False,False,False,True,False,False,False
SuccessScreen,client/src/pages/SuccessScreen.tsx,interactive-review,True,False,False,False,False,True,False,False,False
SupportMetrics,client/src/pages/SupportMetrics.tsx,interactive-review,True,False,False,False,False,True,True,False,False
SupportTicket,client/src/pages/SupportTicket.tsx,interactive-review,True,False,False,False,False,True,False,False,False
SwapInterface,client/src/pages/SwapInterface.tsx,truthfully-gated,True,False,False,False,False,False,True,False,False
SwipeInterface,client/src/pages/SwipeInterface.tsx,truthfully-gated,True,False,False,False,False,False,True,False,False
Synthetics,client/src/pages/Synthetics.tsx,truthfully-gated,True,False,False,False,False,False,True,False,False
SystemArchitecture,client/src/pages/SystemArchitecture.tsx,static-review,True,False,False,False,False,False,False,False,True
SystemLogs,client/src/pages/SystemLogs.tsx,interactive-review,True,False,False,False,False,True,False,False,False
SystemMonitoring,client/src/pages/SystemMonitoring.tsx,static-review,True,False,False,False,False,False,False,False,False
SystemObservability,client/src/pages/SystemObservability.tsx,interactive-review,True,False,False,False,False,True,False,False,True
SystemSettings,client/src/pages/SystemSettings.tsx,static-review,True,False,False,False,False,False,False,False,False
SystemStatus,client/src/pages/SystemStatus.tsx,integration-backed-review,True,False,True,False,False,True,False,False,False
TabsNavigation,client/src/pages/TabsNavigation.tsx,interactive-review,True,False,False,False,False,True,False,False,False
TaskAutomation,client/src/pages/TaskAutomation.tsx,interactive-review,True,False,False,False,False,True,True,False,False
TaskDetail,client/src/pages/TaskDetail.tsx,interactive-review,True,False,False,False,False,True,True,False,False
TaskList,client/src/pages/TaskList.tsx,interactive-review,True,False,False,False,False,True,True,False,False
TaxDocumentation,client/src/pages/TaxDocumentation.tsx,truthfully-gated,True,False,False,False,False,False,True,False,False
TaxPlanning,client/src/pages/TaxPlanning.tsx,interactive-review,True,False,False,False,False,True,True,False,False
TaxReporting,client/src/pages/TaxReporting.tsx,static-review,True,False,False,False,False,False,False,False,False
TaxReports,client/src/pages/TaxReports.tsx,interactive-review,True,False,False,False,False,True,True,False,False
TeachingOpportunities,client/src/pages/TeachingOpportunities.tsx,interactive-review,True,False,False,False,False,True,True,False,True
TeamManagement,client/src/pages/TeamManagement.tsx,interactive-review,True,False,False,False,False,True,True,False,False
TeamWorkspace,client/src/pages/TeamWorkspace.tsx,integration-backed-review,True,True,False,False,True,True,True,False,False
TechnicalIndicators,client/src/pages/TechnicalIndicators.tsx,truthfully-gated,True,False,False,False,False,False,True,False,False
TelegramIntegration,client/src/pages/TelegramIntegration.tsx,interactive-review,True,False,False,False,False,True,True,False,False
TemplateLibrary,client/src/pages/TemplateLibrary.tsx,interactive-review,True,False,False,False,False,True,True,False,False
TermsAcceptance,client/src/pages/TermsAcceptance.tsx,interactive-review,True,False,False,False,False,True,False,False,False
TermsOfService,client/src/pages/TermsOfService.tsx,interactive-review,True,False,False,False,False,True,True,False,False
TestingFramework,client/src/pages/TestingFramework.tsx,truthfully-gated,True,False,False,False,False,False,True,False,False
TextInputForm,client/src/pages/TextInputForm.tsx,interactive-review,True,False,False,False,False,True,False,False,False
TextToSpeech,client/src/pages/TextToSpeech.tsx,truthfully-gated,True,False,False,False,False,False,True,False,False
TextTools,client/src/pages/TextTools.tsx,interactive-review,True,False,False,False,False,True,True,False,False
ThemeSettings,client/src/pages/ThemeSettings.tsx,interactive-review,True,False,False,False,False,True,False,False,False
ThreadManagement,client/src/pages/ThreadManagement.tsx,interactive-review,True,False,False,False,False,True,True,False,False
TicketAssignment,client/src/pages/TicketAssignment.tsx,interactive-review,True,False,False,False,False,True,True,False,False
TicketDetail,client/src/pages/TicketDetail.tsx,interactive-review,True,False,False,False,False,True,True,False,False
TicketQueue,client/src/pages/TicketQueue.tsx,interactive-review,True,False,False,False,False,True,True,False,False
TierComparison,client/src/pages/TierComparison.tsx,truthfully-gated,True,False,False,False,False,False,True,False,False
TimeInputForm,client/src/pages/TimeInputForm.tsx,interactive-review,True,False,False,False,False,True,False,False,False
TimePickerDialog,client/src/pages/TimePickerDialog.tsx,interactive-review,True,False,False,False,False,True,False,False,False
TimeTracking,client/src/pages/TimeTracking.tsx,interactive-review,True,False,False,False,False,True,True,False,False
TimelineView,client/src/pages/TimelineView.tsx,interactive-review,True,False,False,False,False,True,False,False,False
TimeoutError,client/src/pages/TimeoutError.tsx,interactive-review,True,False,False,False,False,True,False,False,False
TipJar,client/src/pages/TipJar.tsx,integration-backed-review,True,True,False,True,False,True,True,False,True
ToastNotifications,client/src/pages/ToastNotifications.tsx,interactive-review,True,False,False,False,False,True,False,False,False
TodoList,client/src/pages/TodoList.tsx,interactive-review,True,False,False,False,False,True,True,False,False
ToggleSwitchForm,client/src/pages/ToggleSwitchForm.tsx,interactive-review,True,False,False,False,False,True,False,False,False
TokenDashboard,client/src/pages/TokenDashboard.tsx,truthfully-gated,True,False,False,False,False,False,True,False,False
TokenGovernance,client/src/pages/TokenGovernance.tsx,truthfully-gated,True,False,False,False,False,False,True,False,False
TokenInformation,client/src/pages/TokenInformation.tsx,truthfully-gated,True,False,False,False,False,False,True,False,False
TokenMetrics,client/src/pages/TokenMetrics.tsx,truthfully-gated,True,False,False,False,False,False,True,False,True
TokenomicsCalculator,client/src/pages/TokenomicsCalculator.tsx,interactive-review,True,False,False,False,False,True,True,False,False
TorBridge,client/src/pages/TorBridge.tsx,interactive-review,True,False,False,False,False,True,False,False,False
TournamentBracket,client/src/pages/TournamentBracket.tsx,integration-backed-review,True,True,False,True,True,True,False,False,False
TournamentBrackets,client/src/pages/TournamentBrackets.tsx,truthfully-gated,True,False,False,False,False,False,True,False,False
Tournaments,client/src/pages/Tournaments.tsx,interactive-review,True,False,False,False,False,True,True,False,False
TradeHistory,client/src/pages/TradeHistory.tsx,interactive-review,True,False,False,False,False,True,True,False,False
Trading,client/src/pages/Trading.tsx,truthfully-gated,True,False,False,False,False,False,True,False,False
TradingBots,client/src/pages/TradingBots.tsx,static-review,True,False,False,False,False,False,False,False,False
TradingHistory,client/src/pages/TradingHistory.tsx,static-review,True,False,False,False,False,False,False,False,False
TradingTerminal,client/src/pages/TradingTerminal.tsx,truthfully-gated,True,False,False,False,False,False,True,False,False
TransactionExplorer,client/src/pages/TransactionExplorer.tsx,interactive-review,True,False,False,False,False,True,True,False,False
TransactionHistory,client/src/pages/TransactionHistory.tsx,interactive-review,True,False,False,False,False,True,True,False,False
TransactionViewer,client/src/pages/TransactionViewer.tsx,truthfully-gated,True,False,False,False,False,False,True,False,False
TranscriptionManager,client/src/pages/TranscriptionManager.tsx,interactive-review,True,False,False,False,False,True,True,False,False
TranslationEnabledCommunity,client/src/pages/TranslationEnabledCommunity.tsx,interactive-review,True,False,False,False,False,True,True,False,False
TranslationEnabledSocialFeed,client/src/pages/TranslationEnabledSocialFeed.tsx,interactive-review,True,False,False,False,False,True,True,False,False
TransparencyReports,client/src/pages/TransparencyReports.tsx,truthfully-gated,True,False,False,False,False,False,True,False,False
TravelBlog,client/src/pages/TravelBlog.tsx,interactive-review,True,False,False,False,False,True,True,False,False
TravelBudget,client/src/pages/TravelBudget.tsx,interactive-review,True,False,False,False,False,True,True,False,False
TravelDocuments,client/src/pages/TravelDocuments.tsx,interactive-review,True,False,False,False,False,True,True,False,False
TravelPhotos,client/src/pages/TravelPhotos.tsx,interactive-review,True,False,False,False,False,True,True,False,False
TravelReviews,client/src/pages/TravelReviews.tsx,interactive-review,True,False,False,False,False,True,True,False,False
TravelTips,client/src/pages/TravelTips.tsx,interactive-review,True,False,False,False,False,True,True,False,False
TreasuryManagement,client/src/pages/TreasuryManagement.tsx,truthfully-gated,True,False,False,False,False,False,True,False,False
TrendAnalysis,client/src/pages/TrendAnalysis.tsx,interactive-review,True,False,False,False,False,True,True,False,False
Trending,client/src/pages/Trending.tsx,static-review,True,False,False,False,False,False,False,False,False
TrendingContent,client/src/pages/TrendingContent.tsx,static-review,True,False,False,False,False,False,False,False,False
TrendingItems,client/src/pages/TrendingItems.tsx,interactive-review,True,False,False,False,False,True,False,False,False
TrendingTopics,client/src/pages/TrendingTopics.tsx,interactive-review,True,False,False,False,False,True,False,False,False
TriggersActions,client/src/pages/TriggersActions.tsx,interactive-review,True,False,False,False,False,True,True,False,False
TripPlanner,client/src/pages/TripPlanner.tsx,interactive-review,True,False,False,False,False,True,True,False,False
TrumpMining,client/src/pages/TrumpMining.tsx,interactive-review,True,False,False,False,False,True,True,False,True
TrustSafetyDashboard,client/src/pages/TrustSafetyDashboard.tsx,integration-backed-review,True,True,False,True,True,True,False,False,False
TrustSystem,client/src/pages/TrustSystem.tsx,interactive-review,True,False,False,False,False,True,False,False,False
TwoFactorAuth,client/src/pages/TwoFactorAuth.tsx,interactive-review,True,False,False,False,False,True,False,False,False
TwoFactorSetup,client/src/pages/TwoFactorSetup.tsx,interactive-review,True,False,False,False,False,True,True,False,False
TypingIndicators,client/src/pages/TypingIndicators.tsx,truthfully-gated,True,False,False,False,False,False,True,False,False
UnhiddenInterface,client/src/pages/UnhiddenInterface.tsx,integration-backed-review,True,True,False,False,True,True,True,False,True
UnhiddenMode,client/src/pages/UnhiddenMode.tsx,interactive-review,True,False,False,False,False,True,False,False,True
UnifiedFeed,client/src/pages/UnifiedFeed.tsx,interactive-review,True,False,False,False,False,True,False,False,True
UnifiedIdentity,client/src/pages/UnifiedIdentity.tsx,truthfully-gated,True,False,False,False,False,False,True,False,False
UnifiedMessaging,client/src/pages/UnifiedMessaging.tsx,interactive-review,True,False,False,False,False,True,True,False,False
UnifiedPaymentLedger,client/src/pages/UnifiedPaymentLedger.tsx,truthfully-gated,True,False,False,False,False,False,True,False,False
UnifiedPlatformDashboard,client/src/pages/UnifiedPlatformDashboard.tsx,truthfully-gated,True,False,False,False,False,False,True,False,False
UnifiedWallet,client/src/pages/UnifiedWallet.tsx,truthfully-gated,True,False,False,False,False,False,True,False,False
UniversalSearch,client/src/pages/UniversalSearch.tsx,integration-backed-review,True,True,False,False,True,True,True,False,True
UpdatedLandingPage,client/src/pages/UpdatedLandingPage.tsx,static-review,True,False,False,False,False,False,False,False,True
UpgradeDowngradePlan,client/src/pages/UpgradeDowngradePlan.tsx,interactive-review,True,False,False,False,False,True,False,False,False
Upscaling,client/src/pages/Upscaling.tsx,truthfully-gated,True,False,False,False,False,False,True,False,False
UserActivity,client/src/pages/UserActivity.tsx,static-review,True,False,False,False,False,False,False,False,False
UserBehavior,client/src/pages/UserBehavior.tsx,interactive-review,True,False,False,False,False,True,True,False,False
UserBio,client/src/pages/UserBio.tsx,interactive-review,True,False,False,False,False,True,False,False,False
UserDirectory,client/src/pages/UserDirectory.tsx,interactive-review,True,False,False,False,False,True,True,False,False
UserDiscovery,client/src/pages/UserDiscovery.tsx,truthfully-gated,True,False,False,False,False,False,True,False,False
UserManagement,client/src/pages/UserManagement.tsx,static-review,True,False,False,False,False,False,False,False,False
UserMentions,client/src/pages/UserMentions.tsx,interactive-review,True,False,False,False,False,True,False,False,False
UserOnboarding,client/src/pages/UserOnboarding.tsx,interactive-review,True,False,False,False,False,True,True,False,False
UserPermissions,client/src/pages/UserPermissions.tsx,interactive-review,True,False,False,False,False,True,True,False,False
UserProfile,client/src/pages/UserProfile.tsx,interactive-review,True,False,False,False,False,True,True,False,False
UserProfiles,client/src/pages/UserProfiles.tsx,static-review,True,False,False,False,False,False,False,False,False
UserReputation,client/src/pages/UserReputation.tsx,static-review,True,False,False,False,False,False,False,False,False
UserSearch,client/src/pages/UserSearch.tsx,static-review,True,False,False,False,False,False,False,False,False
UserStats,client/src/pages/UserStats.tsx,interactive-review,True,False,False,False,False,True,False,False,False
UserSuggestions,client/src/pages/UserSuggestions.tsx,interactive-review,True,False,False,False,False,True,False,False,False
UserTimeline,client/src/pages/UserTimeline.tsx,static-review,True,False,False,False,False,False,False,False,False
VODArchive,client/src/pages/VODArchive.tsx,integration-backed-review,True,True,False,False,True,True,True,False,False
ValidatorPerformance,client/src/pages/ValidatorPerformance.tsx,truthfully-gated,True,False,False,False,False,False,True,False,False
ValidatorSetup,client/src/pages/ValidatorSetup.tsx,truthfully-gated,True,False,False,False,False,False,True,False,False
VendorAnalytics,client/src/pages/VendorAnalytics.tsx,interactive-review,True,False,False,False,False,True,True,False,False
VendorDirectory,client/src/pages/VendorDirectory.tsx,truthfully-gated,True,False,False,False,False,False,True,False,False
VendorOnboarding,client/src/pages/VendorOnboarding.tsx,interactive-review,True,False,False,False,False,True,True,False,False
VendorPerformance,client/src/pages/VendorPerformance.tsx,interactive-review,True,False,False,False,False,True,True,False,False
VendorVerification,client/src/pages/VendorVerification.tsx,interactive-review,True,False,False,False,False,True,True,False,False
VenueManagement,client/src/pages/VenueManagement.tsx,interactive-review,True,False,False,False,False,True,True,False,False
Verification,client/src/pages/Verification.tsx,interactive-review,True,False,False,False,False,True,False,False,False
VerificationSteps,client/src/pages/VerificationSteps.tsx,interactive-review,True,False,False,False,False,True,False,False,False
VerificationSystem,client/src/pages/VerificationSystem.tsx,truthfully-gated,True,False,False,False,False,False,True,False,False
VersionManagement,client/src/pages/VersionManagement.tsx,interactive-review,True,False,False,False,False,True,True,False,False
VestingSchedule,client/src/pages/VestingSchedule.tsx,integration-backed-review,True,True,False,True,True,True,False,False,False
VideoArea,client/src/pages/VideoArea.tsx,integration-backed-review,True,True,False,False,True,True,True,False,True
VideoCall,client/src/pages/VideoCall.tsx,truthfully-gated,True,False,False,False,False,False,True,False,False
VideoChat,client/src/pages/VideoChat.tsx,interactive-review,True,False,False,False,False,True,True,False,False
VideoEditor,client/src/pages/VideoEditor.tsx,static-review,True,False,False,False,False,False,False,False,False
VideoPlayer,client/src/pages/VideoPlayer.tsx,interactive-review,True,False,False,False,False,True,False,False,False
VideoTools,client/src/pages/VideoTools.tsx,interactive-review,True,False,False,False,False,True,True,False,False
VideoTutorials,client/src/pages/VideoTutorials.tsx,interactive-review,True,False,False,False,False,True,False,False,False
VideoUpload,client/src/pages/VideoUpload.tsx,static-review,True,False,False,False,False,False,False,False,False
VideoUploader,client/src/pages/VideoUploader.tsx,interactive-review,True,False,False,False,False,True,True,False,False
ViewerMetrics,client/src/pages/ViewerMetrics.tsx,static-review,True,False,False,False,False,False,False,False,False
VirtualTour,client/src/pages/VirtualTour.tsx,interactive-review,True,False,False,False,False,True,True,False,False
VoiceCloning,client/src/pages/VoiceCloning.tsx,truthfully-gated,True,False,False,False,False,False,True,False,False
VoiceCommands,client/src/pages/VoiceCommands.tsx,interactive-review,True,False,False,False,False,True,True,False,False
VoiceCommandsRegistry,client/src/pages/VoiceCommandsRegistry.tsx,interactive-review,True,False,False,False,False,True,True,False,False
VoiceMessages,client/src/pages/VoiceMessages.tsx,truthfully-gated,True,False,False,False,False,False,True,False,False
WalkthroughPage,client/src/pages/WalkthroughPage.tsx,interactive-review,True,False,False,False,False,True,True,False,False
Wallet,client/src/pages/Wallet.tsx,integration-backed-review,True,True,False,True,True,True,True,False,True
WalletConnect,client/src/pages/WalletConnect.tsx,interactive-review,True,False,False,False,False,True,True,False,False
WalletIntegration,client/src/pages/WalletIntegration.tsx,truthfully-gated,True,False,False,False,False,False,True,False,False
WalletOverview,client/src/pages/WalletOverview.tsx,interactive-review,True,False,False,False,False,True,False,False,False
WarningDialog,client/src/pages/WarningDialog.tsx,interactive-review,True,False,False,False,False,True,False,False,False
WatchEarn,client/src/pages/WatchEarn.tsx,truthfully-gated,True,False,False,False,False,False,True,False,False
WatchList,client/src/pages/WatchList.tsx,interactive-review,True,False,False,False,False,True,True,False,False
WealthSimulator,client/src/pages/WealthSimulator.tsx,static-review,True,False,False,False,False,False,False,False,False
Web3Auth,client/src/pages/Web3Auth.tsx,interactive-review,True,False,False,False,False,True,True,False,False
WebhookManagement,client/src/pages/WebhookManagement.tsx,static-review,True,False,False,False,False,False,False,False,False
WebhookManager,client/src/pages/WebhookManager.tsx,interactive-review,True,False,False,False,False,True,True,False,False
Webhooks,client/src/pages/Webhooks.tsx,interactive-review,True,False,False,False,False,True,False,False,False
WelcomeScreen,client/src/pages/WelcomeScreen.tsx,interactive-review,True,False,False,False,False,True,False,False,False
WhaleMonitor,client/src/pages/WhaleMonitor.tsx,truthfully-gated,True,False,False,False,False,False,True,False,False
WhitelistManagement,client/src/pages/WhitelistManagement.tsx,truthfully-gated,True,False,False,False,False,False,True,False,False
WishlistManagement,client/src/pages/WishlistManagement.tsx,interactive-review,True,False,False,False,False,True,True,False,False
WorkflowAutomation,client/src/pages/WorkflowAutomation.tsx,truthfully-gated,True,False,False,False,False,False,True,False,False
WorkflowBuilder,client/src/pages/WorkflowBuilder.tsx,interactive-review,True,False,False,False,False,True,True,False,False
WorldBrain,client/src/pages/WorldBrain.tsx,integration-backed-review,True,True,False,True,True,True,False,False,True
WorldSimulationControl,client/src/pages/WorldSimulationControl.tsx,integration-backed-review,True,True,False,True,False,True,True,False,True
YieldFarming,client/src/pages/YieldFarming.tsx,static-review,True,False,False,False,False,False,False,False,False
ZapierIntegration,client/src/pages/ZapierIntegration.tsx,interactive-review,True,False,False,False,False,True,True,False,False
ZeroKnowledgeProof,client/src/pages/ZeroKnowledgeProof.tsx,truthfully-gated,True,False,False,False,False,False,True,False,False
MarketplaceSection,client/src/pages/mission-control/MarketplaceSection.tsx,integration-backed-review,False,True,False,True,True,True,True,False,True
MissionsSection,client/src/pages/mission-control/MissionsSection.tsx,integration-backed-review,False,True,False,True,True,True,True,False,False
OpportunitiesSection,client/src/pages/mission-control/OpportunitiesSection.tsx,integration-backed-review,False,True,False,True,True,True,False,False,False
ReputationSection,client/src/pages/mission-control/ReputationSection.tsx,integration-backed-review,False,True,False,True,True,True,False,False,False
StartupSection,client/src/pages/mission-control/StartupSection.tsx,integration-backed-review,False,True,False,True,True,True,True,False,True
TodaySection,client/src/pages/mission-control/TodaySection.tsx,integration-backed-review,False,True,False,False,True,True,False,False,False
shared,client/src/pages/mission-control/shared.tsx,static-review,False,False,False,False,False,False,False,False,False
Phase20Hub,client/src/pages/phase20/Phase20Hub.tsx,truthfully-gated,False,False,False,False,False,False,True,False,False
AiCore,client/src/pages/wave2/AiCore.tsx,truthfully-gated,False,False,False,False,False,False,True,False,False
Marketplace,client/src/pages/wave2/Marketplace.tsx,truthfully-gated,True,False,False,False,False,False,True,False,False
Notifications,client/src/pages/wave2/Notifications.tsx,truthfully-gated,True,False,False,False,False,False,True,False,False
Profile,client/src/pages/wave2/Profile.tsx,truthfully-gated,True,False,False,False,False,False,True,False,False
Analytics,client/src/pages/wave3/Analytics.tsx,truthfully-gated,True,False,False,False,False,False,True,False,False
Gaming,client/src/pages/wave3/Gaming.tsx,truthfully-gated,True,False,False,False,False,False,True,False,False
Governance,client/src/pages/wave3/Governance.tsx,truthfully-gated,True,False,False,False,False,False,True,False,False
Learning,client/src/pages/wave3/Learning.tsx,truthfully-gated,True,False,False,False,False,False,True,False,False
Admin,client/src/pages/wave4/Admin.tsx,truthfully-gated,True,False,False,False,False,False,True,False,False
CreatorStudio,client/src/pages/wave4/CreatorStudio.tsx,truthfully-gated,True,False,False,False,False,False,True,False,False
Explore,client/src/pages/wave4/Explore.tsx,truthfully-gated,True,False,False,False,False,False,True,False,False
Payments,client/src/pages/wave4/Payments.tsx,truthfully-gated,True,False,False,False,False,False,True,False,False
Security,client/src/pages/wave4/Security.tsx,truthfully-gated,True,False,False,False,False,False,True,False,False
Settings,client/src/pages/wave4/Settings.tsx,integration-backed-review,True,True,False,True,True,True,True,False,False
